formula,Mg_ratio,Zn_ratio,Ca_ratio,Mg_atpct,Zn_atpct,Ca_atpct,Tmix_K,atomic_weight_g_mol,density_tab_g_cm3,Cp_tab_J_molK,thermal_conductivity_W_mK,atomic_radius_pm,VEC,Hmix_kJ_mol,Smix_J_molK,Gmix_kJ_mol
Mg1Zn1Ca1,1,1,1,33.333333,33.333333,33.333333,910.3,43.26,3.47,25.4,157.33,165.73,5.33,-14.22,9.13,-32.48
Mg1Zn1Ca2,1,1,2,25,25,50,961.5,42.46,2.98,25.53,168,173.69,4.5,-15,8.64,-32.28
Mg1Zn1Ca3,1,1,3,20,20,60,992.2,41.99,2.69,25.61,174.4,178.48,4,-14.08,7.9,-29.87
Mg1Zn1Ca4,1,1,4,16.666667,16.666667,66.666667,1012.7,41.67,2.5,25.66,178.67,181.66,3.67,-12.89,7.21,-27.31
Mg1Zn1Ca5,1,1,5,14.285714,14.285714,71.428571,1027.3,41.44,2.36,25.7,181.71,183.94,3.43,-11.76,6.62,-24.99
Mg1Zn1Ca6,1,1,6,12.5,12.5,75,1038.2,41.27,2.26,25.73,184,185.65,3.25,-10.75,6.11,-22.98
Mg1Zn1Ca7,1,1,7,11.111111,11.111111,77.777778,1046.8,41.14,2.18,25.75,185.78,186.98,3.11,-9.88,5.68,-21.24
Mg1Zn1Ca8,1,1,8,10,10,80,1053.6,41.03,2.11,25.77,187.2,188.04,3,-9.12,5.31,-19.74
Mg1Zn1Ca9,1,1,9,9.090909,9.090909,81.818182,1059.2,40.95,2.06,25.78,188.36,188.91,2.91,-8.46,4.99,-18.44
Mg1Zn1Ca10,1,1,10,8.333333,8.333333,83.333333,1063.8,40.87,2.02,25.8,189.33,189.63,2.83,-7.89,4.7,-17.3
Mg1Zn2Ca1,1,2,1,25,50,25,856,48.79,4.39,25.39,147,159.16,7,-14.5,8.64,-31.78
Mg1Zn2Ca2,1,2,2,20,40,40,907.8,47.05,3.82,25.5,157.6,166.85,6,-17.28,8.77,-34.81
Mg1Zn2Ca3,1,2,3,16.666667,33.333333,50,942.3,45.88,3.44,25.57,164.67,171.97,5.33,-17.56,8.4,-34.37
Mg1Zn2Ca4,1,2,4,14.285714,28.571429,57.142857,967,45.06,3.16,25.62,169.71,175.63,4.86,-16.98,7.94,-32.86
Mg1Zn2Ca5,1,2,5,12.5,25,62.5,985.5,44.43,2.96,25.66,173.5,178.38,4.5,-16.12,7.48,-31.09
Mg1Zn2Ca6,1,2,6,11.111111,22.222222,66.666667,999.9,43.95,2.8,25.69,176.44,180.51,4.22,-15.21,7.05,-29.32
Mg1Zn2Ca7,1,2,7,10,20,70,1011.4,43.56,2.67,25.72,178.8,182.22,4,-14.32,6.66,-27.65
Mg1Zn2Ca8,1,2,8,9.090909,18.181818,72.727273,1020.8,43.25,2.57,25.74,180.73,183.62,3.82,-13.49,6.31,-26.11
Mg1Zn2Ca9,1,2,9,8.333333,16.666667,75,1028.7,42.98,2.48,25.75,182.33,184.79,3.67,-12.72,6,-24.71
Mg1Zn2Ca10,1,2,10,7.692308,15.384615,76.923077,1035.3,42.76,2.41,25.77,183.69,185.77,3.54,-12.02,5.71,-23.44
Mg1Zn3Ca1,1,3,1,20,60,20,823.4,52.11,4.94,25.39,140.8,155.22,8,-13.44,7.9,-29.23
Mg1Zn3Ca2,1,3,2,16.666667,50,33.333333,872,50.1,4.37,25.48,150.67,162.28,7,-17.33,8.4,-34.14
Mg1Zn3Ca3,1,3,3,14.285714,42.857143,42.857143,906.7,48.67,3.96,25.55,157.71,167.33,6.29,-18.61,8.35,-35.3
Mg1Zn3Ca4,1,3,4,12.5,37.5,50,932.8,47.6,3.66,25.59,163,171.11,5.75,-18.75,8.1,-34.94
Mg1Zn3Ca5,1,3,5,11.111111,33.333333,55.555556,953,46.76,3.42,25.63,167.11,174.05,5.33,-18.37,7.79,-33.94
Mg1Zn3Ca6,1,3,6,10,30,60,969.2,46.09,3.23,25.66,170.4,176.41,5,-17.76,7.46,-32.68
Mg1Zn3Ca7,1,3,7,9.090909,27.272727,63.636364,982.5,45.55,3.08,25.69,173.09,178.33,4.73,-17.06,7.15,-31.35
Mg1Zn3Ca8,1,3,8,8.333333,25,66.666667,993.5,45.09,2.95,25.71,175.33,179.94,4.5,-16.33,6.85,-30.03
Mg1Zn3Ca9,1,3,9,7.692308,23.076923,69.230769,1002.8,44.71,2.84,25.72,177.23,181.3,4.31,-15.62,6.57,-28.76
Mg1Zn3Ca10,1,3,10,7.142857,21.428571,71.428571,1010.9,44.37,2.75,25.74,178.86,182.46,4.14,-14.94,6.31,-27.55
Mg1Zn4Ca1,1,4,1,16.666667,66.666667,16.666667,801.7,54.32,5.3,25.39,136.67,152.59,8.67,-12.22,7.21,-26.64
Mg1Zn4Ca2,1,4,2,14.285714,57.142857,28.571429,846.4,52.28,4.77,25.47,145.71,159.02,7.71,-16.65,7.94,-32.54
Mg1Zn4Ca3,1,4,3,12.5,50,37.5,880,50.76,4.36,25.53,152.5,163.84,7,-18.62,8.1,-34.82
Mg1Zn4Ca4,1,4,4,11.111111,44.444444,44.444444,906.1,49.57,4.05,25.57,157.78,167.59,6.44,-19.36,8.02,-35.4
Mg1Zn4Ca5,1,4,5,10,40,50,927,48.62,3.79,25.61,162,170.59,6,-19.44,7.84,-35.12
Mg1Zn4Ca6,1,4,6,9.090909,36.363636,54.545455,944.1,47.85,3.59,25.64,165.45,173.05,5.64,-19.17,7.62,-34.41
Mg1Zn4Ca7,1,4,7,8.333333,33.333333,58.333333,958.3,47.2,3.42,25.66,168.33,175.09,5.33,-18.72,7.38,-33.48
Mg1Zn4Ca8,1,4,8,7.692308,30.769231,61.538462,970.4,46.65,3.27,25.68,170.77,176.83,5.08,-18.18,7.14,-32.45
Mg1Zn4Ca9,1,4,9,7.142857,28.571429,64.285714,980.7,46.18,3.15,25.7,172.86,178.31,4.86,-17.59,6.9,-31.39
Mg1Zn4Ca10,1,4,10,6.666667,26.666667,66.666667,989.7,45.78,3.04,25.72,174.67,179.6,4.67,-17,6.68,-30.35
Mg1Zn5Ca1,1,5,1,14.285714,71.428571,14.285714,786.1,55.9,5.57,25.39,133.71,150.71,9.14,-11.1,6.62,-24.34
Mg1Zn5Ca2,1,5,2,12.5,62.5,25,827.2,53.92,5.06,25.46,142,156.57,8.25,-15.75,7.48,-30.71
Mg1Zn5Ca3,1,5,3,11.111111,55.555556,33.333333,859.2,52.38,4.67,25.51,148.44,161.13,7.56,-18.17,7.79,-33.74
Mg1Zn5Ca4,1,5,4,10,50,40,884.8,51.15,4.36,25.55,153.6,164.78,7,-19.36,7.84,-35.04
Mg1Zn5Ca5,1,5,5,9.090909,45.454545,45.454545,905.7,50.15,4.1,25.59,157.82,167.76,6.55,-19.83,7.77,-35.37
Mg1Zn5Ca6,1,5,6,8.333333,41.666667,50,923.2,49.31,3.89,25.62,161.33,170.25,6.17,-19.89,7.63,-35.15
Mg1Zn5Ca7,1,5,7,7.692308,38.461538,53.846154,937.9,48.6,3.7,25.64,164.31,172.35,5.85,-19.69,7.46,-34.62
Mg1Zn5Ca8,1,5,8,7.142857,35.714286,57.142857,950.6,47.99,3.55,25.66,166.86,174.16,5.57,-19.35,7.28,-33.91
Mg1Zn5Ca9,1,5,9,6.666667,33.333333,60,961.5,47.46,3.41,25.68,169.07,175.72,5.33,-18.92,7.09,-33.1
Mg1Zn5Ca10,1,5,10,6.25,31.25,62.5,971.1,47,3.3,25.7,171,177.09,5.12,-18.44,6.9,-32.24
Mg1Zn6Ca1,1,6,1,12.5,75,12.5,774.5,57.08,5.76,25.39,131.5,149.3,9.5,-10.12,6.11,-22.35
Mg1Zn6Ca2,1,6,2,11.111111,66.666667,22.222222,812.3,55.19,5.29,25.45,139.11,154.67,8.67,-14.81,7.05,-28.92
Mg1Zn6Ca3,1,6,3,10,60,30,842.6,53.68,4.92,25.5,145.2,158.96,8,-17.52,7.46,-32.44
Mg1Zn6Ca4,1,6,4,9.090909,54.545455,36.363636,867.4,52.45,4.61,25.54,150.18,162.48,7.45,-19.04,7.62,-34.27
Mg1Zn6Ca5,1,6,5,8.333333,50,41.666667,888,51.42,4.35,25.57,154.33,165.4,7,-19.83,7.63,-35.1
Mg1Zn6Ca6,1,6,6,7.692308,46.153846,46.153846,905.5,50.54,4.14,25.6,157.85,167.88,6.62,-20.17,7.57,-35.31
Mg1Zn6Ca7,1,6,7,7.142857,42.857143,50,920.4,49.8,3.95,25.62,160.86,170,6.29,-20.2,7.46,-35.13
Mg1Zn6Ca8,1,6,8,6.666667,40,53.333333,933.4,49.15,3.79,25.64,163.47,171.84,6,-20.05,7.33,-34.72
Mg1Zn6Ca9,1,6,9,6.25,37.5,56.25,944.8,48.58,3.65,25.66,165.75,173.45,5.75,-19.78,7.19,-34.15
Mg1Zn6Ca10,1,6,10,5.882353,35.294118,58.823529,954.8,48.08,3.52,25.68,167.76,174.87,5.53,-19.43,7.03,-33.5
Mg1Zn7Ca1,1,7,1,11.111111,77.777778,11.111111,765.4,58.01,5.92,25.39,129.78,148.21,9.78,-9.28,5.68,-20.65
Mg1Zn7Ca2,1,7,2,10,70,20,800.4,56.21,5.48,25.45,136.8,153.15,9,-13.92,6.66,-27.25
Mg1Zn7Ca3,1,7,3,9.090909,63.636364,27.272727,829,54.75,5.12,25.49,142.55,157.19,8.36,-16.79,7.15,-31.09
Mg1Zn7Ca4,1,7,4,8.333333,58.333333,33.333333,852.8,53.52,4.82,25.53,147.33,160.56,7.83,-18.56,7.38,-33.31
Mg1Zn7Ca5,1,7,5,7.692308,53.846154,38.461538,873,52.49,4.57,25.56,151.38,163.41,7.38,-19.6,7.46,-34.52
Mg1Zn7Ca6,1,7,6,7.142857,50,42.857143,890.3,51.6,4.35,25.58,154.86,165.85,7,-20.16,7.46,-35.09
Mg1Zn7Ca7,1,7,7,6.666667,46.666667,46.666667,905.3,50.84,4.16,25.61,157.87,167.97,6.67,-20.41,7.41,-35.23
Mg1Zn7Ca8,1,7,8,6.25,43.75,50,918.4,50.16,4,25.63,160.5,169.82,6.38,-20.44,7.33,-35.09
Mg1Zn7Ca9,1,7,9,5.882353,41.176471,52.941176,929.9,49.57,3.85,25.65,162.82,171.45,6.12,-20.32,7.22,-34.76
Mg1Zn7Ca10,1,7,10,5.555556,38.888889,55.555556,940.2,49.04,3.72,25.66,164.89,172.9,5.89,-20.1,7.1,-34.3
Mg1Zn8Ca1,1,8,1,10,80,10,758.2,58.74,6.04,25.39,128.4,147.33,10,-8.56,5.31,-19.18
Mg1Zn8Ca2,1,8,2,9.090909,72.727273,18.181818,790.6,57.05,5.63,25.44,134.91,151.9,9.27,-13.09,6.31,-25.71
Mg1Zn8Ca3,1,8,3,8.333333,66.666667,25,817.7,55.63,5.29,25.48,140.33,155.71,8.67,-16.06,6.85,-29.75
Mg1Zn8Ca4,1,8,4,7.692308,61.538462,30.769231,840.5,54.44,5,25.52,144.92,158.93,8.15,-17.99,7.14,-32.26
Mg1Zn8Ca5,1,8,5,7.142857,57.142857,35.714286,860.1,53.41,4.75,25.55,148.86,161.69,7.71,-19.22,7.28,-33.78
Mg1Zn8Ca6,1,8,6,6.666667,53.333333,40,877.1,52.52,4.54,25.57,152.27,164.09,7.33,-19.98,7.33,-34.65
Mg1Zn8Ca7,1,8,7,6.25,50,43.75,892,51.74,4.35,25.59,155.25,166.18,7,-20.41,7.33,-35.06
Mg1Zn8Ca8,1,8,8,5.882353,47.058824,47.058824,905.1,51.06,4.18,25.61,157.88,168.03,6.71,-20.6,7.28,-35.16
Mg1Zn8Ca9,1,8,9,5.555556,44.444444,50,916.8,50.45,4.03,25.63,160.22,169.67,6.44,-20.62,7.21,-35.04
Mg1Zn8Ca10,1,8,10,5.263158,42.105263,52.631579,927.2,49.9,3.9,25.65,162.32,171.14,6.21,-20.52,7.12,-34.76
Mg1Zn9Ca1,1,9,1,9.090909,81.818182,9.090909,752.3,59.35,6.14,25.39,127.27,146.62,10.18,-7.93,4.99,-17.91
Mg1Zn9Ca2,1,9,2,8.333333,75,16.666667,782.5,57.74,5.75,25.44,133.33,150.86,9.5,-12.33,6,-24.32
Mg1Zn9Ca3,1,9,3,7.692308,69.230769,23.076923,808.1,56.38,5.43,25.47,138.46,154.46,8.92,-15.34,6.57,-28.47
Mg1Zn9Ca4,1,9,4,7.142857,64.285714,28.571429,830,55.22,5.15,25.51,142.86,157.54,8.43,-17.39,6.9,-31.19
Mg1Zn9Ca5,1,9,5,6.666667,60,33.333333,849,54.21,4.91,25.54,146.67,160.21,8,-18.77,7.09,-32.95
Mg1Zn9Ca6,1,9,6,6.25,56.25,37.5,865.6,53.33,4.7,25.56,150,162.55,7.62,-19.69,7.19,-34.06
Mg1Zn9Ca7,1,9,7,5.882353,52.941176,41.176471,880.3,52.55,4.51,25.58,152.94,164.61,7.29,-20.26,7.22,-34.7
Mg1Zn9Ca8,1,9,8,5.555556,50,44.444444,893.3,51.85,4.35,25.6,155.56,166.44,7,-20.59,7.21,-35.01
Mg1Zn9Ca9,1,9,9,5.263158,47.368421,47.368421,905,51.23,4.2,25.62,157.89,168.08,6.74,-20.74,7.17,-35.08
Mg1Zn9Ca10,1,9,10,5,45,50,915.5,50.68,4.07,25.63,160,169.56,6.5,-20.76,7.11,-34.98
Mg1Zn10Ca1,1,10,1,8.333333,83.333333,8.333333,747.3,59.85,6.22,25.39,126.33,146.02,10.33,-7.39,4.7,-16.8
Mg1Zn10Ca2,1,10,2,7.692308,76.923077,15.384615,775.6,58.33,5.86,25.43,132,149.99,9.69,-11.64,5.71,-23.06
Mg1Zn10Ca3,1,10,3,7.142857,71.428571,21.428571,799.9,57.02,5.55,25.47,136.86,153.39,9.14,-14.65,6.31,-27.27
Mg1Zn10Ca4,1,10,4,6.666667,66.666667,26.666667,820.9,55.9,5.28,25.5,141.07,156.34,8.67,-16.78,6.68,-30.13
Mg1Zn10Ca5,1,10,5,6.25,62.5,31.25,839.2,54.91,5.05,25.53,144.75,158.91,8.25,-18.28,6.9,-32.08
Mg1Zn10Ca6,1,10,6,5.882353,58.823529,35.294118,855.5,54.03,4.84,25.55,148,161.19,7.88,-19.32,7.03,-33.39
Mg1Zn10Ca7,1,10,7,5.555556,55.555556,38.888889,869.9,53.26,4.66,25.57,150.89,163.21,7.56,-20.02,7.1,-34.23
Mg1Zn10Ca8,1,10,8,5.263158,52.631579,42.105263,882.8,52.57,4.49,25.59,153.47,165.02,7.26,-20.48,7.12,-34.72
Mg1Zn10Ca9,1,10,9,5,50,45,894.4,51.94,4.35,25.61,155.8,166.65,7,-20.74,7.11,-34.96
Mg1Zn10Ca10,1,10,10,4.761905,47.619048,47.619048,904.9,51.38,4.21,25.62,157.9,168.13,6.76,-20.86,7.08,-35.02
Mg2Zn1Ca1,2,1,1,50,25,25,913.5,38.52,3.04,25.27,157,164.33,4.5,-10.5,8.64,-27.78
Mg2Zn1Ca2,2,1,2,40,20,40,953.8,38.83,2.74,25.4,165.6,170.98,4,-12.16,8.77,-29.69
Mg2Zn1Ca3,2,1,3,33.333333,16.666667,50,980.7,39.04,2.54,25.49,171.33,175.42,3.67,-12.22,8.4,-29.03
Mg2Zn1Ca4,2,1,4,28.571429,14.285714,57.142857,999.9,39.19,2.39,25.55,175.43,178.59,3.43,-11.76,7.94,-27.64
Mg2Zn1Ca5,2,1,5,25,12.5,62.5,1014.2,39.3,2.28,25.6,178.5,180.96,3.25,-11.12,7.48,-26.09
Mg2Zn1Ca6,2,1,6,22.222222,11.111111,66.666667,1025.4,39.39,2.2,25.63,180.89,182.81,3.11,-10.47,7.05,-24.57
Mg2Zn1Ca7,2,1,7,20,10,70,1034.4,39.46,2.13,25.66,182.8,184.29,3,-9.84,6.66,-23.17
Mg2Zn1Ca8,2,1,8,18.181818,9.090909,72.727273,1041.7,39.51,2.08,25.69,184.36,185.5,2.91,-9.26,6.31,-21.88
Mg2Zn1Ca9,2,1,9,16.666667,8.333333,75,1047.8,39.56,2.03,25.71,185.67,186.51,2.83,-8.72,6,-20.71
Mg2Zn1Ca10,2,1,10,15.384615,7.692308,76.923077,1053,39.6,1.99,25.73,186.77,187.36,2.77,-8.24,5.71,-19.66
Mg2Zn2Ca1,2,2,1,40,40,20,869.4,43.89,3.86,25.29,148.8,159.35,6,-11.52,8.77,-29.05
Mg2Zn2Ca2,2,2,2,33.333333,33.333333,33.333333,910.3,43.26,3.47,25.4,157.33,165.73,5.33,-14.22,9.13,-32.48
Mg2Zn2Ca3,2,2,3,28.571429,28.571429,42.857143,939.6,42.8,3.19,25.47,163.43,170.28,4.86,-15.02,8.97,-32.95
Mg2Zn2Ca4,2,2,4,25,25,50,961.5,42.46,2.98,25.53,168,173.69,4.5,-15,8.64,-32.28
Mg2Zn2Ca5,2,2,5,22.222222,22.222222,55.555556,978.6,42.2,2.82,25.57,171.56,176.35,4.22,-14.62,8.27,-31.15
Mg2Zn2Ca6,2,2,6,20,20,60,992.2,41.99,2.69,25.61,174.4,178.48,4,-14.08,7.9,-29.87
Mg2Zn2Ca7,2,2,7,18.181818,18.181818,63.636364,1003.4,41.81,2.59,25.64,176.73,180.21,3.82,-13.49,7.54,-28.57
Mg2Zn2Ca8,2,2,8,16.666667,16.666667,66.666667,1012.7,41.67,2.5,25.66,178.67,181.66,3.67,-12.89,7.21,-27.31
Mg2Zn2Ca9,2,2,9,15.384615,15.384615,69.230769,1020.5,41.55,2.43,25.68,180.31,182.89,3.54,-12.31,6.9,-26.11
Mg2Zn2Ca10,2,2,10,14.285714,14.285714,71.428571,1027.3,41.44,2.36,25.7,181.71,183.94,3.43,-11.76,6.62,-24.99
Mg2Zn3Ca1,2,3,1,33.333333,50,16.666667,840,47.47,4.4,25.31,143.33,156.03,7,-11.33,8.4,-28.14
Mg2Zn3Ca2,2,3,2,28.571429,42.857143,28.571429,879.3,46.42,3.99,25.4,151.43,161.97,6.29,-14.69,8.97,-32.63
Mg2Zn3Ca3,2,3,3,25,37.5,37.5,908.8,45.62,3.69,25.46,157.5,166.43,5.75,-16.12,8.99,-34.11
Mg2Zn3Ca4,2,3,4,22.222222,33.333333,44.444444,931.7,45.01,3.45,25.51,162.22,169.89,5.33,-16.59,8.82,-34.22
Mg2Zn3Ca5,2,3,5,20,30,50,950,44.52,3.25,25.56,166,172.66,5,-16.56,8.56,-33.67
Mg2Zn3Ca6,2,3,6,18.181818,27.272727,54.545455,965,44.11,3.1,25.59,169.09,174.93,4.73,-16.26,8.27,-32.8
Mg2Zn3Ca7,2,3,7,16.666667,25,58.333333,977.5,43.78,2.97,25.62,171.67,176.82,4.5,-15.83,7.97,-31.78
Mg2Zn3Ca8,2,3,8,15.384615,23.076923,61.538462,988.1,43.49,2.86,25.64,173.85,178.42,4.31,-15.34,7.69,-30.71
Mg2Zn3Ca9,2,3,9,14.285714,21.428571,64.285714,997.1,43.25,2.76,25.66,175.71,179.79,4.14,-14.82,7.41,-29.64
Mg2Zn3Ca10,2,3,10,13.333333,20,66.666667,1005,43.04,2.68,25.68,177.33,180.97,4,-14.29,7.15,-28.6
Mg2Zn4Ca1,2,4,1,28.571429,57.142857,14.285714,819,50.03,4.8,25.32,139.43,153.67,7.71,-10.78,7.94,-26.66
Mg2Zn4Ca2,2,4,2,25,50,25,856,48.79,4.39,25.39,147,159.16,7,-14.5,8.64,-31.78
Mg2Zn4Ca3,2,4,3,22.222222,44.444444,33.333333,884.8,47.82,4.07,25.45,152.89,163.43,6.44,-16.4,8.82,-34.03
Mg2Zn4Ca4,2,4,4,20,40,40,907.8,47.05,3.82,25.5,157.6,166.85,6,-17.28,8.77,-34.81
Mg2Zn4Ca5,2,4,5,18.181818,36.363636,45.454545,926.6,46.41,3.61,25.54,161.45,169.64,5.64,-17.59,8.61,-34.81
Mg2Zn4Ca6,2,4,6,16.666667,33.333333,50,942.3,45.88,3.44,25.57,164.67,171.97,5.33,-17.56,8.4,-34.37
Mg2Zn4Ca7,2,4,7,15.384615,30.769231,53.846154,955.6,45.44,3.29,25.6,167.38,173.94,5.08,-17.33,8.18,-33.68
Mg2Zn4Ca8,2,4,8,14.285714,28.571429,57.142857,967,45.06,3.16,25.62,169.71,175.63,4.86,-16.98,7.94,-32.86
Mg2Zn4Ca9,2,4,9,13.333333,26.666667,60,976.9,44.72,3.05,25.64,171.73,177.1,4.67,-16.57,7.71,-31.99
Mg2Zn4Ca10,2,4,10,12.5,25,62.5,985.5,44.43,2.96,25.66,173.5,178.38,4.5,-16.12,7.48,-31.09
Mg2Zn5Ca1,2,5,1,25,62.5,12.5,803.2,51.95,5.09,25.33,136.5,151.89,8.25,-10.12,7.48,-25.09
Mg2Zn5Ca2,2,5,2,22.222222,55.555556,22.222222,837.9,50.63,4.69,25.39,143.56,156.97,7.56,-14.02,8.27,-30.56
Mg2Zn5Ca3,2,5,3,20,50,30,865.6,49.58,4.38,25.45,149.2,161.03,7,-16.24,8.56,-33.35
Mg2Zn5Ca4,2,5,4,18.181818,45.454545,36.363636,888.3,48.71,4.12,25.49,153.82,164.36,6.55,-17.45,8.61,-34.68
Mg2Zn5Ca5,2,5,5,16.666667,41.666667,41.666667,907.2,47.99,3.9,25.53,157.67,167.13,6.17,-18.06,8.54,-35.14
Mg2Zn5Ca6,2,5,6,15.384615,38.461538,46.153846,923.2,47.38,3.72,25.56,160.92,169.47,5.85,-18.27,8.41,-35.1
Mg2Zn5Ca7,2,5,7,14.285714,35.714286,50,936.9,46.86,3.56,25.59,163.71,171.48,5.57,-18.24,8.25,-34.74
Mg2Zn5Ca8,2,5,8,13.333333,33.333333,53.333333,948.7,46.41,3.43,25.61,166.13,173.22,5.33,-18.06,8.06,-34.19
Mg2Zn5Ca9,2,5,9,12.5,31.25,56.25,959.1,46.01,3.31,25.63,168.25,174.74,5.12,-17.78,7.87,-33.52
Mg2Zn5Ca10,2,5,10,11.764706,29.411765,58.823529,968.3,45.67,3.2,25.65,170.12,176.09,4.94,-17.44,7.68,-32.79
Mg2Zn6Ca1,2,6,1,22.222222,66.666667,11.111111,791,53.44,5.32,25.33,134.22,150.51,8.67,-9.48,7.05,-23.59
Mg2Zn6Ca2,2,6,2,20,60,20,823.4,52.11,4.94,25.39,140.8,155.22,8,-13.44,7.9,-29.23
Mg2Zn6Ca3,2,6,3,18.181818,54.545455,27.272727,849.9,51.01,4.63,25.44,146.18,159.07,7.45,-15.87,8.27,-32.4
Mg2Zn6Ca4,2,6,4,16.666667,50,33.333333,872,50.1,4.37,25.48,150.67,162.28,7,-17.33,8.4,-34.14
Mg2Zn6Ca5,2,6,5,15.384615,46.153846,38.461538,890.7,49.33,4.15,25.52,154.46,165,6.62,-18.18,8.41,-35
Mg2Zn6Ca6,2,6,6,14.285714,42.857143,42.857143,906.7,48.67,3.96,25.55,157.71,167.33,6.29,-18.61,8.35,-35.3
Mg2Zn6Ca7,2,6,7,13.333333,40,46.666667,920.6,48.1,3.8,25.57,160.53,169.34,6,-18.77,8.23,-35.24
Mg2Zn6Ca8,2,6,8,12.5,37.5,50,932.8,47.6,3.66,25.59,163,171.11,5.75,-18.75,8.1,-34.94
Mg2Zn6Ca9,2,6,9,11.764706,35.294118,52.941176,943.5,47.15,3.53,25.61,165.18,172.67,5.53,-18.6,7.94,-34.49
Mg2Zn6Ca10,2,6,10,11.111111,33.333333,55.555556,953,46.76,3.42,25.63,167.11,174.05,5.33,-18.37,7.79,-33.94
Mg2Zn7Ca1,2,7,1,20,70,10,781.2,54.64,5.5,25.34,132.4,149.4,9,-8.88,6.66,-22.21
Mg2Zn7Ca2,2,7,2,18.181818,63.636364,18.181818,811.5,53.31,5.14,25.39,138.55,153.78,8.36,-12.83,7.54,-27.91
Mg2Zn7Ca3,2,7,3,16.666667,58.333333,25,836.8,52.21,4.84,25.44,143.67,157.43,7.83,-15.39,7.97,-31.34
Mg2Zn7Ca4,2,7,4,15.384615,53.846154,30.769231,858.2,51.28,4.58,25.48,148,160.52,7.38,-17.04,8.18,-33.4
Mg2Zn7Ca5,2,7,5,14.285714,50,35.714286,876.6,50.48,4.37,25.51,151.71,163.17,7,-18.08,8.25,-34.57
Mg2Zn7Ca6,2,7,6,13.333333,46.666667,40,892.5,49.78,4.18,25.54,154.93,165.47,6.67,-18.7,8.23,-35.17
Mg2Zn7Ca7,2,7,7,12.5,43.75,43.75,906.4,49.18,4.01,25.56,157.75,167.48,6.38,-19.03,8.17,-35.37
Mg2Zn7Ca8,2,7,8,11.764706,41.176471,47.058824,918.6,48.64,3.86,25.58,160.24,169.25,6.12,-19.16,8.08,-35.31
Mg2Zn7Ca9,2,7,9,11.111111,38.888889,50,929.6,48.17,3.73,25.6,162.44,170.82,5.89,-19.14,7.96,-35.06
Mg2Zn7Ca10,2,7,10,10.526316,36.842105,52.631579,939.3,47.74,3.62,25.62,164.42,172.23,5.68,-19.01,7.83,-34.68
Mg2Zn8Ca1,2,8,1,18.181818,72.727273,9.090909,773.2,55.61,5.65,25.34,130.91,148.5,9.27,-8.33,6.31,-20.95
Mg2Zn8Ca2,2,8,2,16.666667,66.666667,16.666667,801.7,54.32,5.3,25.39,136.67,152.59,8.67,-12.22,7.21,-26.64
Mg2Zn8Ca3,2,8,3,15.384615,61.538462,23.076923,825.8,53.22,5.01,25.43,141.54,156.05,8.15,-14.86,7.69,-30.24
Mg2Zn8Ca4,2,8,4,14.285714,57.142857,28.571429,846.4,52.28,4.77,25.47,145.71,159.02,7.71,-16.65,7.94,-32.54
Mg2Zn8Ca5,2,8,5,13.333333,53.333333,33.333333,864.3,51.47,4.55,25.5,149.33,161.59,7.33,-17.85,8.06,-33.97
Mg2Zn8Ca6,2,8,6,12.5,50,37.5,880,50.76,4.36,25.53,152.5,163.84,7,-18.62,8.1,-34.82
Mg2Zn8Ca7,2,8,7,11.764706,47.058824,41.176471,893.8,50.13,4.19,25.55,155.29,165.83,6.71,-19.1,8.08,-35.25
Mg2Zn8Ca8,2,8,8,11.111111,44.444444,44.444444,906.1,49.57,4.05,25.57,157.78,167.59,6.44,-19.36,8.02,-35.4
Mg2Zn8Ca9,2,8,9,10.526316,42.105263,47.368421,917.1,49.07,3.91,25.59,160,169.17,6.21,-19.46,7.94,-35.33
Mg2Zn8Ca10,2,8,10,10,40,50,927,48.62,3.79,25.61,162,170.59,6,-19.44,7.84,-35.12
Mg2Zn9Ca1,2,9,1,16.666667,75,8.333333,766.5,56.43,5.77,25.35,129.67,147.74,9.5,-7.83,6,-19.82
Mg2Zn9Ca2,2,9,2,15.384615,69.230769,15.384615,793.3,55.17,5.45,25.39,135.08,151.58,8.92,-11.64,6.9,-25.45
Mg2Zn9Ca3,2,9,3,14.285714,64.285714,21.428571,816.3,54.09,5.17,25.43,139.71,154.87,8.43,-14.33,7.41,-29.15
Mg2Zn9Ca4,2,9,4,13.333333,60,26.666667,836.2,53.16,4.92,25.46,143.73,157.71,8,-16.21,7.71,-31.63
Mg2Zn9Ca5,2,9,5,12.5,56.25,31.25,853.6,52.34,4.71,25.49,147.25,160.21,7.62,-17.53,7.87,-33.27
Mg2Zn9Ca6,2,9,6,11.764706,52.941176,35.294118,869,51.62,4.52,25.52,150.35,162.41,7.29,-18.44,7.94,-34.33
Mg2Zn9Ca7,2,9,7,11.111111,50,38.888889,882.7,50.98,4.36,25.54,153.11,164.36,7,-19.04,7.96,-34.96
Mg2Zn9Ca8,2,9,8,10.526316,47.368421,42.105263,894.9,50.4,4.21,25.56,155.58,166.11,6.74,-19.41,7.94,-35.29
Mg2Zn9Ca9,2,9,9,10,45,45,905.9,49.89,4.08,25.58,157.8,167.69,6.5,-19.62,7.89,-35.39
Mg2Zn9Ca10,2,9,10,9.52381,42.857143,47.619048,915.9,49.42,3.95,25.6,159.81,169.11,6.29,-19.7,7.81,-35.33
Mg2Zn10Ca1,2,10,1,15.384615,76.923077,7.692308,760.8,57.12,5.88,25.35,128.62,147.1,9.69,-7.38,5.71,-18.8
Mg2Zn10Ca2,2,10,2,14.285714,71.428571,14.285714,786.1,55.9,5.57,25.39,133.71,150.71,9.14,-11.1,6.62,-24.34
Mg2Zn10Ca3,2,10,3,13.333333,66.666667,20,808.1,54.84,5.3,25.43,138.13,153.84,8.67,-13.8,7.15,-28.1
Mg2Zn10Ca4,2,10,4,12.5,62.5,25,827.2,53.92,5.06,25.46,142,156.57,8.25,-15.75,7.48,-30.71
Mg2Zn10Ca5,2,10,5,11.764706,58.823529,29.411765,844.2,53.11,4.85,25.49,145.41,158.99,7.88,-17.16,7.68,-32.52
Mg2Zn10Ca6,2,10,6,11.111111,55.555556,33.333333,859.2,52.38,4.67,25.51,148.44,161.13,7.56,-18.17,7.79,-33.74
Mg2Zn10Ca7,2,10,7,10.526316,52.631579,36.842105,872.7,51.74,4.5,25.53,151.16,163.05,7.26,-18.88,7.83,-34.55
Mg2Zn10Ca8,2,10,8,10,50,40,884.8,51.15,4.36,25.55,153.6,164.78,7,-19.36,7.84,-35.04
Mg2Zn10Ca9,2,10,9,9.52381,47.619048,42.857143,895.8,50.63,4.22,25.57,155.81,166.34,6.76,-19.66,7.81,-35.29
Mg2Zn10Ca10,2,10,10,9.090909,45.454545,45.454545,905.7,50.15,4.1,25.59,157.82,167.76,6.55,-19.83,7.77,-35.37
Mg3Zn1Ca1,3,1,1,60,20,20,915.4,35.68,2.78,25.19,156.8,163.49,4,-8.32,7.9,-24.11
Mg3Zn1Ca2,3,1,2,50,16.666667,33.333333,948.7,36.41,2.57,25.31,164,169.17,3.67,-10.22,8.4,-27.03
Mg3Zn1Ca3,3,1,3,42.857143,14.285714,42.857143,972.4,36.94,2.42,25.4,169.14,173.23,3.43,-10.78,8.35,-27.47
Mg3Zn1Ca4,3,1,4,37.5,12.5,50,990.2,37.33,2.31,25.46,173,176.28,3.25,-10.75,8.1,-26.94
Mg3Zn1Ca5,3,1,5,33.333333,11.111111,55.555556,1004.1,37.63,2.22,25.52,176,178.65,3.11,-10.47,7.79,-26.04
Mg3Zn1Ca6,3,1,6,30,10,60,1015.2,37.88,2.15,25.56,178.4,180.54,3,-10.08,7.46,-25
Mg3Zn1Ca7,3,1,7,27.272727,9.090909,63.636364,1024.3,38.08,2.1,25.59,180.36,182.09,2.91,-9.65,7.15,-23.95
Mg3Zn1Ca8,3,1,8,25,8.333333,66.666667,1031.8,38.25,2.05,25.62,182,183.39,2.83,-9.22,6.85,-22.92
Mg3Zn1Ca9,3,1,9,23.076923,7.692308,69.230769,1038.2,38.39,2.01,25.64,183.38,184.48,2.77,-8.8,6.57,-21.94
Mg3Zn1Ca10,3,1,10,21.428571,7.142857,71.428571,1043.7,38.51,1.98,25.66,184.57,185.42,2.71,-8.41,6.31,-21.02
Mg3Zn2Ca1,3,2,1,50,33.333333,16.666667,878.3,40.63,3.5,25.22,150,159.48,5.33,-9.56,8.4,-26.37
Mg3Zn2Ca2,3,2,2,42.857143,28.571429,28.571429,912.1,40.55,3.22,25.32,157.14,164.93,4.86,-12.08,8.97,-30.01
Mg3Zn2Ca3,3,2,3,37.5,25,37.5,937.5,40.49,3.01,25.4,162.5,169.01,4.5,-13.12,8.99,-31.11
Mg3Zn2Ca4,3,2,4,33.333333,22.222222,44.444444,957.2,40.45,2.85,25.46,166.67,172.19,4.22,-13.43,8.82,-31.06
Mg3Zn2Ca5,3,2,5,30,20,50,973,40.41,2.71,25.5,170,174.73,4,-13.36,8.56,-30.47
Mg3Zn2Ca6,3,2,6,27.272727,18.181818,54.545455,985.9,40.38,2.61,25.54,172.73,176.81,3.82,-13.09,8.27,-29.63
Mg3Zn2Ca7,3,2,7,25,16.666667,58.333333,996.7,40.35,2.52,25.58,175,178.54,3.67,-12.72,7.97,-28.67
Mg3Zn2Ca8,3,2,8,23.076923,15.384615,61.538462,1005.8,40.33,2.44,25.6,176.92,180.01,3.54,-12.31,7.69,-27.68
Mg3Zn2Ca9,3,2,9,21.428571,14.285714,64.285714,1013.6,40.31,2.38,25.63,178.57,181.26,3.43,-11.88,7.41,-26.7
Mg3Zn2Ca10,3,2,10,20,13.333333,66.666667,1020.3,40.3,2.32,25.65,180,182.35,3.33,-11.45,7.15,-25.76
Mg3Zn3Ca1,3,3,1,42.857143,42.857143,14.285714,851.9,44.16,4.02,25.24,145.14,156.62,6.29,-9.8,8.35,-26.49
Mg3Zn3Ca2,3,3,2,37.5,37.5,25,884.8,43.65,3.71,25.33,152,161.74,5.75,-12.75,8.99,-30.74
Mg3Zn3Ca3,3,3,3,33.333333,33.333333,33.333333,910.3,43.26,3.47,25.4,157.33,165.73,5.33,-14.22,9.13,-32.48
Mg3Zn3Ca4,3,3,4,30,30,40,930.8,42.94,3.28,25.45,161.6,168.91,5,-14.88,9.05,-32.98
Mg3Zn3Ca5,3,3,5,27.272727,27.272727,45.454545,947.5,42.68,3.12,25.49,165.09,171.52,4.73,-15.07,8.87,-32.81
Mg3Zn3Ca6,3,3,6,25,25,50,961.5,42.46,2.98,25.53,168,173.69,4.5,-15,8.64,-32.28
Mg3Zn3Ca7,3,3,7,23.076923,23.076923,53.846154,973.3,42.28,2.87,25.56,170.46,175.53,4.31,-14.77,8.39,-31.56
Mg3Zn3Ca8,3,3,8,21.428571,21.428571,57.142857,983.4,42.12,2.78,25.59,172.57,177.11,4.14,-14.45,8.14,-30.74
Mg3Zn3Ca9,3,3,9,20,20,60,992.2,41.99,2.69,25.61,174.4,178.48,4,-14.08,7.9,-29.87
Mg3Zn3Ca10,3,3,10,18.75,18.75,62.5,999.9,41.87,2.62,25.63,176,179.67,3.88,-13.69,7.66,-29
Mg3Zn4Ca1,3,4,1,37.5,50,12.5,832,46.82,4.41,25.26,141.5,154.47,7,-9.62,8.1,-25.82
Mg3Zn4Ca2,3,4,2,33.333333,44.444444,22.222222,863.4,46.07,4.09,25.34,148,159.27,6.44,-12.84,8.82,-30.47
Mg3Zn4Ca3,3,4,3,30,40,30,888.6,45.47,3.84,25.4,153.2,163.1,6,-14.64,9.05,-32.74
Mg3Zn4Ca4,3,4,4,27.272727,36.363636,36.363636,909.2,44.98,3.63,25.44,157.45,166.24,5.64,-15.6,9.06,-33.72
Mg3Zn4Ca5,3,4,5,25,33.333333,41.666667,926.3,44.57,3.45,25.48,161,168.85,5.33,-16.06,8.95,-33.96
Mg3Zn4Ca6,3,4,6,23.076923,30.769231,46.153846,940.8,44.23,3.3,25.52,164,171.06,5.08,-16.19,8.79,-33.77
Mg3Zn4Ca7,3,4,7,21.428571,28.571429,50,953.3,43.93,3.18,25.55,166.57,172.96,4.86,-16.12,8.6,-33.32
Mg3Zn4Ca8,3,4,8,20,26.666667,53.333333,964.1,43.67,3.07,25.57,168.8,174.6,4.67,-15.93,8.39,-32.71
Mg3Zn4Ca9,3,4,9,18.75,25,56.25,973.5,43.45,2.97,25.6,170.75,176.04,4.5,-15.66,8.18,-32.01
Mg3Zn4Ca10,3,4,10,17.647059,23.529412,58.823529,981.8,43.25,2.89,25.62,172.47,177.31,4.35,-15.34,7.97,-31.27
Mg3Zn5Ca1,3,5,1,33.333333,55.555556,11.111111,816.6,48.88,4.72,25.28,138.67,152.8,7.56,-9.28,7.79,-24.86
Mg3Zn5Ca2,3,5,2,30,50,20,846.4,48,4.4,25.34,144.8,157.28,7,-12.64,8.56,-29.75
Mg3Zn5Ca3,3,5,3,27.272727,45.454545,27.272727,870.8,47.28,4.14,25.4,149.82,160.95,6.55,-14.68,8.87,-32.41
Mg3Zn5Ca4,3,5,4,25,41.666667,33.333333,891.2,46.68,3.92,25.44,154,164,6.17,-15.89,8.95,-33.8
Mg3Zn5Ca5,3,5,5,23.076923,38.461538,38.461538,908.4,46.17,3.74,25.48,157.54,166.59,5.85,-16.57,8.92,-34.41
Mg3Zn5Ca6,3,5,6,21.428571,35.714286,42.857143,923.1,45.74,3.58,25.51,160.57,168.8,5.57,-16.9,8.82,-34.53
Mg3Zn5Ca7,3,5,7,20,33.333333,46.666667,935.9,45.36,3.44,25.54,163.2,170.72,5.33,-17,8.67,-34.34
Mg3Zn5Ca8,3,5,8,18.75,31.25,50,947.1,45.03,3.32,25.56,165.5,172.4,5.12,-16.94,8.51,-33.96
Mg3Zn5Ca9,3,5,9,17.647059,29.411765,52.941176,957,44.74,3.22,25.58,167.53,173.88,4.94,-16.78,8.33,-33.44
Mg3Zn5Ca10,3,5,10,16.666667,27.777778,55.555556,965.8,44.48,3.12,25.6,169.33,175.2,4.78,-16.54,8.15,-32.85
Mg3Zn6Ca1,3,6,1,30,60,10,804.2,50.53,4.96,25.29,136.4,151.47,8,-8.88,7.46,-23.8
Mg3Zn6Ca2,3,6,2,27.272727,54.545455,18.181818,832.5,49.58,4.65,25.35,142.18,155.66,7.45,-12.3,8.27,-28.83
Mg3Zn6Ca3,3,6,3,25,50,25,856,48.79,4.39,25.39,147,159.16,7,-14.5,8.64,-31.78
Mg3Zn6Ca4,3,6,4,23.076923,46.153846,30.769231,875.9,48.12,4.17,25.44,151.08,162.11,6.62,-15.91,8.79,-33.49
Mg3Zn6Ca5,3,6,5,21.428571,42.857143,35.714286,893,47.54,3.98,25.47,154.57,164.65,6.29,-16.78,8.82,-34.41
Mg3Zn6Ca6,3,6,6,20,40,40,907.8,47.05,3.82,25.5,157.6,166.85,6,-17.28,8.77,-34.81
Mg3Zn6Ca7,3,6,7,18.75,37.5,43.75,920.8,46.61,3.67,25.53,160.25,168.77,5.75,-17.53,8.67,-34.87
Mg3Zn6Ca8,3,6,8,17.647059,35.294118,47.058824,932.2,46.23,3.55,25.55,162.59,170.46,5.53,-17.61,8.55,-34.7
Mg3Zn6Ca9,3,6,9,16.666667,33.333333,50,942.3,45.88,3.44,25.57,164.67,171.97,5.33,-17.56,8.4,-34.37
Mg3Zn6Ca10,3,6,10,15.789474,31.578947,52.631579,951.4,45.58,3.33,25.59,166.53,173.32,5.16,-17.42,8.25,-33.93
Mg3Zn7Ca1,3,7,1,27.272727,63.636364,9.090909,794.1,51.88,5.16,25.3,134.55,150.38,8.36,-8.46,7.15,-22.76
Mg3Zn7Ca2,3,7,2,25,58.333333,16.666667,820.8,50.9,4.86,25.35,140,154.31,7.83,-11.89,7.97,-27.84
Mg3Zn7Ca3,3,7,3,23.076923,53.846154,23.076923,843.5,50.06,4.6,25.39,144.62,157.64,7.38,-14.2,8.39,-30.99
Mg3Zn7Ca4,3,7,4,21.428571,50,28.571429,862.9,49.35,4.38,25.43,148.57,160.5,7,-15.76,8.6,-32.95
Mg3Zn7Ca5,3,7,5,20,46.666667,33.333333,879.7,48.73,4.19,25.47,152,162.97,6.67,-16.78,8.67,-34.13
Mg3Zn7Ca6,3,7,6,18.75,43.75,37.5,894.4,48.19,4.02,25.5,155,165.13,6.38,-17.44,8.67,-34.78
Mg3Zn7Ca7,3,7,7,17.647059,41.176471,41.176471,907.4,47.71,3.88,25.52,157.65,167.04,6.12,-17.83,8.62,-35.06
Mg3Zn7Ca8,3,7,8,16.666667,38.888889,44.444444,918.9,47.29,3.75,25.54,160,168.74,5.89,-18.02,8.53,-35.08
Mg3Zn7Ca9,3,7,9,15.789474,36.842105,47.368421,929.2,46.91,3.63,25.56,162.11,170.26,5.68,-18.08,8.42,-34.92
Mg3Zn7Ca10,3,7,10,15,35,50,938.5,46.57,3.52,25.58,164,171.63,5.5,-18.04,8.3,-34.64
Mg3Zn8Ca1,3,8,1,25,66.666667,8.333333,785.7,53,5.32,25.3,133,149.47,8.67,-8.06,6.85,-21.75
Mg3Zn8Ca2,3,8,2,23.076923,61.538462,15.384615,811,52.01,5.03,25.35,138.15,153.17,8.15,-11.46,7.69,-26.83
Mg3Zn8Ca3,3,8,3,21.428571,57.142857,21.428571,832.7,51.16,4.78,25.39,142.57,156.34,7.71,-13.84,8.14,-30.12
Mg3Zn8Ca4,3,8,4,20,53.333333,26.666667,851.5,50.42,4.56,25.43,146.4,159.09,7.33,-15.5,8.39,-32.28
Mg3Zn8Ca5,3,8,5,18.75,50,31.25,868,49.77,4.37,25.46,149.75,161.5,7,-16.66,8.51,-33.67
Mg3Zn8Ca6,3,8,6,17.647059,47.058824,35.294118,882.5,49.2,4.21,25.49,152.71,163.62,6.71,-17.44,8.55,-34.53
Mg3Zn8Ca7,3,8,7,16.666667,44.444444,38.888889,895.4,48.7,4.06,25.51,155.33,165.51,6.44,-17.95,8.53,-35.01
Mg3Zn8Ca8,3,8,8,15.789474,42.105263,42.105263,907,48.24,3.93,25.54,157.68,167.2,6.21,-18.26,8.48,-35.21
Mg3Zn8Ca9,3,8,9,15,40,45,917.4,47.83,3.81,25.55,159.8,168.72,6,-18.42,8.4,-35.21
Mg3Zn8Ca10,3,8,10,14.285714,38.095238,47.619048,926.8,47.47,3.7,25.57,161.71,170.09,5.81,-18.47,8.3,-35.07
Mg3Zn9Ca1,3,9,1,23.076923,69.230769,7.692308,778.5,53.96,5.46,25.31,131.69,148.7,8.92,-7.67,6.57,-20.8
Mg3Zn9Ca2,3,9,2,21.428571,64.285714,14.285714,802.6,52.97,5.18,25.36,136.57,152.19,8.43,-11.02,7.41,-25.85
Mg3Zn9Ca3,3,9,3,20,60,20,823.4,52.11,4.94,25.39,140.8,155.22,8,-13.44,7.9,-29.23
Mg3Zn9Ca4,3,9,4,18.75,56.25,25,841.6,51.35,4.72,25.43,144.5,157.87,7.62,-15.19,8.18,-31.54
Mg3Zn9Ca5,3,9,5,17.647059,52.941176,29.411765,857.7,50.69,4.54,25.46,147.76,160.2,7.29,-16.44,8.33,-33.11
Mg3Zn9Ca6,3,9,6,16.666667,50,33.333333,872,50.1,4.37,25.48,150.67,162.28,7,-17.33,8.4,-34.14
Mg3Zn9Ca7,3,9,7,15.789474,47.368421,36.842105,884.8,49.57,4.22,25.51,153.26,164.14,6.74,-17.95,8.42,-34.79
Mg3Zn9Ca8,3,9,8,15,45,40,896.3,49.1,4.09,25.53,155.6,165.81,6.5,-18.36,8.4,-35.15
Mg3Zn9Ca9,3,9,9,14.285714,42.857143,42.857143,906.7,48.67,3.96,25.55,157.71,167.33,6.29,-18.61,8.35,-35.3
Mg3Zn9Ca10,3,9,10,13.636364,40.909091,45.454545,916.2,48.28,3.85,25.56,159.64,168.7,6.09,-18.74,8.27,-35.29
Mg3Zn10Ca1,3,10,1,21.428571,71.428571,7.142857,772.4,54.77,5.58,25.32,130.57,148.03,9.14,-7.31,6.31,-19.92
Mg3Zn10Ca2,3,10,2,20,66.666667,13.333333,795.3,53.79,5.31,25.36,135.2,151.34,8.67,-10.6,7.15,-24.9
Mg3Zn10Ca3,3,10,3,18.75,62.5,18.75,815.2,52.94,5.08,25.39,139.25,154.23,8.25,-13.03,7.66,-28.35
Mg3Zn10Ca4,3,10,4,17.647059,58.823529,23.529412,832.9,52.18,4.87,25.43,142.82,156.78,7.88,-14.84,7.97,-30.77
Mg3Zn10Ca5,3,10,5,16.666667,55.555556,27.777778,848.6,51.51,4.68,25.45,146,159.05,7.56,-16.17,8.15,-32.48
Mg3Zn10Ca6,3,10,6,15.789474,52.631579,31.578947,862.6,50.91,4.52,25.48,148.84,161.08,7.26,-17.15,8.25,-33.66
Mg3Zn10Ca7,3,10,7,15,50,35,875.2,50.36,4.37,25.5,151.4,162.9,7,-17.86,8.3,-34.46
Mg3Zn10Ca8,3,10,8,14.285714,47.619048,38.095238,886.6,49.87,4.23,25.52,153.71,164.56,6.76,-18.36,8.3,-34.96
Mg3Zn10Ca9,3,10,9,13.636364,45.454545,40.909091,897,49.43,4.11,25.54,155.82,166.06,6.55,-18.69,8.27,-35.24
Mg3Zn10Ca10,3,10,10,13.043478,43.478261,43.478261,906.5,49.02,4,25.56,157.74,167.43,6.35,-18.9,8.23,-35.36
Mg4Zn1Ca1,4,1,1,66.666667,16.666667,16.666667,916.7,33.78,2.6,25.13,156.67,162.93,3.67,-6.89,7.21,-21.31
Mg4Zn1Ca2,4,1,2,57.142857,14.285714,28.571429,945,34.68,2.45,25.25,162.86,167.88,3.43,-8.82,7.94,-24.7
Mg4Zn1Ca3,4,1,3,50,12.5,37.5,966.2,35.36,2.34,25.33,167.5,171.6,3.25,-9.62,8.1,-25.82
Mg4Zn1Ca4,4,1,4,44.444444,11.111111,44.444444,982.8,35.88,2.25,25.4,171.11,174.49,3.11,-9.88,8.02,-25.91
Mg4Zn1Ca5,4,1,5,40,10,50,996,36.3,2.17,25.45,174,176.8,3,-9.84,7.84,-25.52
Mg4Zn1Ca6,4,1,6,36.363636,9.090909,54.545455,1006.8,36.65,2.12,25.5,176.36,178.69,2.91,-9.65,7.62,-24.88
Mg4Zn1Ca7,4,1,7,33.333333,8.333333,58.333333,1015.8,36.93,2.07,25.53,178.33,180.26,2.83,-9.39,7.38,-24.14
Mg4Zn1Ca8,4,1,8,30.769231,7.692308,61.538462,1023.5,37.17,2.03,25.56,180,181.6,2.77,-9.09,7.14,-23.36
Mg4Zn1Ca9,4,1,9,28.571429,7.142857,64.285714,1030,37.38,1.99,25.59,181.43,182.74,2.71,-8.78,6.9,-22.58
Mg4Zn1Ca10,4,1,10,26.666667,6.666667,66.666667,1035.7,37.56,1.96,25.61,182.67,183.73,2.67,-8.46,6.68,-21.81
Mg4Zn2Ca1,4,2,1,57.142857,28.571429,14.285714,884.7,38.3,3.25,25.17,150.86,159.57,4.86,-8.16,7.94,-24.05
Mg4Zn2Ca2,4,2,2,50,25,25,913.5,38.52,3.04,25.27,157,164.33,4.5,-10.5,8.64,-27.78
Mg4Zn2Ca3,4,2,3,44.444444,22.222222,33.333333,935.9,38.69,2.87,25.34,161.78,168.02,4.22,-11.65,8.82,-29.29
Mg4Zn2Ca4,4,2,4,40,20,40,953.8,38.83,2.74,25.4,165.6,170.98,4,-12.16,8.77,-29.69
Mg4Zn2Ca5,4,2,5,36.363636,18.181818,45.454545,968.5,38.95,2.63,25.45,168.73,173.4,3.82,-12.3,8.61,-29.52
Mg4Zn2Ca6,4,2,6,33.333333,16.666667,50,980.7,39.04,2.54,25.49,171.33,175.42,3.67,-12.22,8.4,-29.03
Mg4Zn2Ca7,4,2,7,30.769231,15.384615,53.846154,991,39.12,2.46,25.52,173.54,177.12,3.54,-12.02,8.18,-28.38
Mg4Zn2Ca8,4,2,8,28.571429,14.285714,57.142857,999.9,39.19,2.39,25.55,175.43,178.59,3.43,-11.76,7.94,-27.64
Mg4Zn2Ca9,4,2,9,26.666667,13.333333,60,1007.5,39.25,2.33,25.58,177.07,179.85,3.33,-11.45,7.71,-26.87
Mg4Zn2Ca10,4,2,10,25,12.5,62.5,1014.2,39.3,2.28,25.6,178.5,180.96,3.25,-11.12,7.48,-26.09
Mg4Zn3Ca1,4,3,1,50,37.5,12.5,860.8,41.68,3.74,25.2,146.5,157.06,5.75,-8.62,8.1,-24.82
Mg4Zn3Ca2,4,3,2,44.444444,33.333333,22.222222,889,41.5,3.49,25.28,152.44,161.56,5.33,-11.26,8.82,-28.89
Mg4Zn3Ca3,4,3,3,40,30,30,911.6,41.36,3.3,25.34,157.2,165.17,5,-12.72,9.05,-30.82
Mg4Zn3Ca4,4,3,4,36.363636,27.272727,36.363636,930.1,41.25,3.14,25.4,161.09,168.12,4.73,-13.49,9.06,-31.6
Mg4Zn3Ca5,4,3,5,33.333333,25,41.666667,945.5,41.15,3,25.44,164.33,170.57,4.5,-13.83,8.95,-31.74
Mg4Zn3Ca6,4,3,6,30.769231,23.076923,46.153846,958.5,41.07,2.89,25.48,167.08,172.65,4.31,-13.92,8.79,-31.5
Mg4Zn3Ca7,4,3,7,28.571429,21.428571,50,969.7,41,2.79,25.51,169.43,174.43,4.14,-13.84,8.6,-31.03
Mg4Zn3Ca8,4,3,8,26.666667,20,53.333333,979.4,40.93,2.71,25.54,171.47,175.98,4,-13.65,8.39,-30.43
Mg4Zn3Ca9,4,3,9,25,18.75,56.25,987.9,40.88,2.63,25.56,173.25,177.33,3.88,-13.41,8.18,-29.76
Mg4Zn3Ca10,4,3,10,23.529412,17.647059,58.823529,995.4,40.83,2.57,25.59,174.82,178.52,3.76,-13.12,7.97,-29.05
Mg4Zn4Ca1,4,4,1,44.444444,44.444444,11.111111,842.1,44.32,4.12,25.22,143.11,155.1,6.44,-8.69,8.02,-24.73
Mg4Zn4Ca2,4,4,2,40,40,20,869.4,43.89,3.86,25.29,148.8,159.35,6,-11.52,8.77,-29.05
Mg4Zn4Ca3,4,4,3,36.363636,36.363636,27.272727,891.7,43.55,3.65,25.35,153.45,162.83,5.64,-13.22,9.06,-31.34
Mg4Zn4Ca4,4,4,4,33.333333,33.333333,33.333333,910.3,43.26,3.47,25.4,157.33,165.73,5.33,-14.22,9.13,-32.48
Mg4Zn4Ca5,4,4,5,30.769231,30.769231,38.461538,926.1,43.01,3.32,25.44,160.62,168.18,5.08,-14.77,9.08,-32.93
Mg4Zn4Ca6,4,4,6,28.571429,28.571429,42.857143,939.6,42.8,3.19,25.47,163.43,170.28,4.86,-15.02,8.97,-32.95
Mg4Zn4Ca7,4,4,7,26.666667,26.666667,46.666667,951.3,42.62,3.08,25.5,165.87,172.1,4.67,-15.08,8.81,-32.7
Mg4Zn4Ca8,4,4,8,25,25,50,961.5,42.46,2.98,25.53,168,173.69,4.5,-15,8.64,-32.28
Mg4Zn4Ca9,4,4,9,23.529412,23.529412,52.941176,970.5,42.32,2.9,25.55,169.88,175.1,4.35,-14.84,8.46,-31.75
Mg4Zn4Ca10,4,4,10,22.222222,22.222222,55.555556,978.6,42.2,2.82,25.57,171.56,176.35,4.22,-14.62,8.27,-31.15
Mg4Zn5Ca1,4,5,1,40,50,10,827.2,46.42,4.42,25.24,140.4,153.54,7,-8.56,7.84,-24.24
Mg4Zn5Ca2,4,5,2,36.363636,45.454545,18.181818,853.4,45.85,4.16,25.3,145.82,157.54,6.55,-11.5,8.61,-28.73
Mg4Zn5Ca3,4,5,3,33.333333,41.666667,25,875.2,45.36,3.94,25.35,150.33,160.88,6.17,-13.39,8.95,-31.3
Mg4Zn5Ca4,4,5,4,30.769231,38.461538,30.769231,893.6,44.96,3.75,25.4,154.15,163.71,5.85,-14.58,9.08,-32.74
Mg4Zn5Ca5,4,5,5,28.571429,35.714286,35.714286,909.4,44.61,3.59,25.43,157.43,166.13,5.57,-15.31,9.09,-33.48
Mg4Zn5Ca6,4,5,6,26.666667,33.333333,40,923.1,44.31,3.46,25.47,160.27,168.22,5.33,-15.72,9.02,-33.75
Mg4Zn5Ca7,4,5,7,25,31.25,43.75,935.1,44.04,3.34,25.5,162.75,170.06,5.12,-15.91,8.91,-33.72
Mg4Zn5Ca8,4,5,8,23.529412,29.411765,47.058824,945.7,43.81,3.23,25.52,164.94,171.68,4.94,-15.94,8.77,-33.48
Mg4Zn5Ca9,4,5,9,22.222222,27.777778,50,955.1,43.6,3.14,25.54,166.89,173.12,4.78,-15.88,8.61,-33.11
Mg4Zn5Ca10,4,5,10,21.052632,26.315789,52.631579,963.5,43.42,3.05,25.56,168.63,174.41,4.63,-15.73,8.45,-32.64
Mg4Zn6Ca1,4,6,1,36.363636,54.545455,9.090909,815,48.15,4.67,25.25,138.18,152.26,7.45,-8.33,7.62,-23.56
Mg4Zn6Ca2,4,6,2,33.333333,50,16.666667,840,47.47,4.4,25.31,143.33,156.03,7,-11.33,8.4,-28.14
Mg4Zn6Ca3,4,6,3,30.769231,46.153846,23.076923,861.2,46.9,4.18,25.35,147.69,159.23,6.62,-13.35,8.79,-30.93
Mg4Zn6Ca4,4,6,4,28.571429,42.857143,28.571429,879.3,46.42,3.99,25.4,151.43,161.97,6.29,-14.69,8.97,-32.63
Mg4Zn6Ca5,4,6,5,26.666667,40,33.333333,895,45.99,3.83,25.43,154.67,164.35,6,-15.57,9.02,-33.61
Mg4Zn6Ca6,4,6,6,25,37.5,37.5,908.8,45.62,3.69,25.46,157.5,166.43,5.75,-16.12,8.99,-34.11
Mg4Zn6Ca7,4,6,7,23.529412,35.294118,41.176471,920.9,45.3,3.56,25.49,160,168.26,5.53,-16.44,8.92,-34.28
Mg4Zn6Ca8,4,6,8,22.222222,33.333333,44.444444,931.7,45.01,3.45,25.51,162.22,169.89,5.33,-16.59,8.82,-34.22
Mg4Zn6Ca9,4,6,9,21.052632,31.578947,47.368421,941.3,44.75,3.35,25.54,164.21,171.35,5.16,-16.62,8.69,-34
Mg4Zn6Ca10,4,6,10,20,30,50,950,44.52,3.25,25.56,166,172.66,5,-16.56,8.56,-33.67
Mg4Zn7Ca1,4,7,1,33.333333,58.333333,8.333333,804.8,49.58,4.87,25.26,136.33,151.19,7.83,-8.06,7.38,-22.81
Mg4Zn7Ca2,4,7,2,30.769231,53.846154,15.384615,828.7,48.85,4.62,25.31,141.23,154.76,7.38,-11.08,8.18,-27.43
Mg4Zn7Ca3,4,7,3,28.571429,50,21.428571,849.1,48.22,4.39,25.36,145.43,157.82,7,-13.18,8.6,-30.38
Mg4Zn7Ca4,4,7,4,26.666667,46.666667,26.666667,866.9,47.68,4.2,25.4,149.07,160.47,6.67,-14.65,8.81,-32.28
Mg4Zn7Ca5,4,7,5,25,43.75,31.25,882.4,47.21,4.04,25.43,152.25,162.79,6.38,-15.66,8.91,-33.47
Mg4Zn7Ca6,4,7,6,23.529412,41.176471,35.294118,896.1,46.79,3.89,25.46,155.06,164.84,6.12,-16.33,8.92,-34.17
Mg4Zn7Ca7,4,7,7,22.222222,38.888889,38.888889,908.2,46.41,3.76,25.48,157.56,166.66,5.89,-16.77,8.88,-34.53
Mg4Zn7Ca8,4,7,8,21.052632,36.842105,42.105263,919.1,46.08,3.64,25.51,159.79,168.29,5.68,-17.02,8.81,-34.64
Mg4Zn7Ca9,4,7,9,20,35,45,928.9,45.78,3.54,25.53,161.8,169.75,5.5,-17.14,8.71,-34.57
Mg4Zn7Ca10,4,7,10,19.047619,33.333333,47.619048,937.8,45.51,3.44,25.55,163.62,171.08,5.33,-17.16,8.6,-34.37
Mg4Zn8Ca1,4,8,1,30.769231,61.538462,7.692308,796.2,50.8,5.05,25.27,134.77,150.29,8.15,-7.76,7.14,-22.04
Mg4Zn8Ca2,4,8,2,28.571429,57.142857,14.285714,819,50.03,4.8,25.32,139.43,153.67,7.71,-10.78,7.94,-26.66
Mg4Zn8Ca3,4,8,3,26.666667,53.333333,20,838.7,49.37,4.58,25.36,143.47,156.59,7.33,-12.94,8.39,-29.72
Mg4Zn8Ca4,4,8,4,25,50,25,856,48.79,4.39,25.39,147,159.16,7,-14.5,8.64,-31.78
Mg4Zn8Ca5,4,8,5,23.529412,47.058824,29.411765,871.2,48.28,4.22,25.43,150.12,161.42,6.71,-15.61,8.77,-33.15
Mg4Zn8Ca6,4,8,6,22.222222,44.444444,33.333333,884.8,47.82,4.07,25.45,152.89,163.43,6.44,-16.4,8.82,-34.03
Mg4Zn8Ca7,4,8,7,21.052632,42.105263,36.842105,896.9,47.41,3.94,25.48,155.37,165.23,6.21,-16.93,8.81,-34.55
Mg4Zn8Ca8,4,8,8,20,40,40,907.8,47.05,3.82,25.5,157.6,166.85,6,-17.28,8.77,-34.81
Mg4Zn8Ca9,4,8,9,19.047619,38.095238,42.857143,917.7,46.71,3.71,25.52,159.62,168.31,5.81,-17.49,8.7,-34.88
Mg4Zn8Ca10,4,8,10,18.181818,36.363636,45.454545,926.6,46.41,3.61,25.54,161.45,169.64,5.64,-17.59,8.61,-34.81
Mg4Zn9Ca1,4,9,1,28.571429,64.285714,7.142857,788.9,51.84,5.2,25.28,133.43,149.51,8.43,-7.47,6.9,-21.27
Mg4Zn9Ca2,4,9,2,26.666667,60,13.333333,810.6,51.05,4.95,25.32,137.87,152.72,8,-10.45,7.71,-25.87
Mg4Zn9Ca3,4,9,3,25,56.25,18.75,829.6,50.37,4.74,25.36,141.75,155.52,7.62,-12.66,8.18,-29.01
Mg4Zn9Ca4,4,9,4,23.529412,52.941176,23.529412,846.4,49.76,4.55,25.39,145.18,158,7.29,-14.28,8.46,-31.2
Mg4Zn9Ca5,4,9,5,22.222222,50,27.777778,861.3,49.23,4.38,25.42,148.22,160.2,7,-15.48,8.61,-32.71
Mg4Zn9Ca6,4,9,6,21.052632,47.368421,31.578947,874.7,48.74,4.23,25.45,150.95,162.17,6.74,-16.35,8.69,-33.74
Mg4Zn9Ca7,4,9,7,20,45,35,886.7,48.31,4.1,25.48,153.4,163.94,6.5,-16.98,8.71,-34.41
Mg4Zn9Ca8,4,9,8,19.047619,42.857143,38.095238,897.6,47.92,3.97,25.5,155.62,165.54,6.29,-17.41,8.7,-34.81
Mg4Zn9Ca9,4,9,9,18.181818,40.909091,40.909091,907.5,47.56,3.86,25.52,157.64,167,6.09,-17.7,8.65,-35.01
Mg4Zn9Ca10,4,9,10,17.391304,39.130435,43.478261,916.5,47.24,3.76,25.53,159.48,168.33,5.91,-17.88,8.59,-35.05
Mg4Zn10Ca1,4,10,1,26.666667,66.666667,6.666667,782.5,52.74,5.33,25.29,132.27,148.84,8.67,-7.18,6.68,-20.53
Mg4Zn10Ca2,4,10,2,25,62.5,12.5,803.2,51.95,5.09,25.33,136.5,151.89,8.25,-10.12,7.48,-25.09
Mg4Zn10Ca3,4,10,3,23.529412,58.823529,17.647059,821.6,51.25,4.88,25.36,140.24,154.58,7.88,-12.35,7.97,-28.28
Mg4Zn10Ca4,4,10,4,22.222222,55.555556,22.222222,837.9,50.63,4.69,25.39,143.56,156.97,7.56,-14.02,8.27,-30.56
Mg4Zn10Ca5,4,10,5,21.052632,52.631579,26.315789,852.5,50.08,4.53,25.42,146.53,159.11,7.26,-15.29,8.45,-32.2
Mg4Zn10Ca6,4,10,6,20,50,30,865.6,49.58,4.38,25.45,149.2,161.03,7,-16.24,8.56,-33.35
Mg4Zn10Ca7,4,10,7,19.047619,47.619048,33.333333,877.5,49.12,4.24,25.47,151.62,162.77,6.76,-16.94,8.6,-34.15
Mg4Zn10Ca8,4,10,8,18.181818,45.454545,36.363636,888.3,48.71,4.12,25.49,153.82,164.36,6.55,-17.45,8.61,-34.68
Mg4Zn10Ca9,4,10,9,17.391304,43.478261,39.130435,898.1,48.34,4.01,25.51,155.83,165.8,6.35,-17.81,8.59,-34.99
Mg4Zn10Ca10,4,10,10,16.666667,41.666667,41.666667,907.2,47.99,3.9,25.53,157.67,167.13,6.17,-18.06,8.54,-35.14
Mg5Zn1Ca1,5,1,1,71.428571,14.285714,14.285714,917.6,32.43,2.48,25.1,156.57,162.53,3.43,-5.88,6.62,-19.11
Mg5Zn1Ca2,5,1,2,62.5,12.5,25,942.2,33.39,2.36,25.2,162,166.91,3.25,-7.75,7.48,-22.71
Mg5Zn1Ca3,5,1,3,55.555556,11.111111,33.333333,961.4,34.13,2.27,25.28,166.22,170.32,3.11,-8.69,7.79,-24.26
Mg5Zn1Ca4,5,1,4,50,10,40,976.8,34.73,2.2,25.35,169.6,173.05,3,-9.12,7.84,-24.8
Mg5Zn1Ca5,5,1,5,45.454545,9.090909,45.454545,989.4,35.21,2.14,25.4,172.36,175.28,2.91,-9.26,7.77,-24.79
Mg5Zn1Ca6,5,1,6,41.666667,8.333333,50,999.8,35.62,2.08,25.44,174.67,177.14,2.83,-9.22,7.63,-24.49
Mg5Zn1Ca7,5,1,7,38.461538,7.692308,53.846154,1008.7,35.96,2.04,25.48,176.62,178.72,2.77,-9.09,7.46,-24.02
Mg5Zn1Ca8,5,1,8,35.714286,7.142857,57.142857,1016.3,36.25,2.01,25.51,178.29,180.06,2.71,-8.9,7.28,-23.46
Mg5Zn1Ca9,5,1,9,33.333333,6.666667,60,1022.9,36.51,1.97,25.54,179.73,181.23,2.67,-8.68,7.09,-22.86
Mg5Zn1Ca10,5,1,10,31.25,6.25,62.5,1028.6,36.73,1.95,25.57,181,182.26,2.62,-8.44,6.9,-22.24
Mg5Zn2Ca1,5,2,1,62.5,25,12.5,889.5,36.55,3.06,25.13,151.5,159.64,4.5,-7.12,7.48,-22.09
Mg5Zn2Ca2,5,2,2,55.555556,22.222222,22.222222,914.6,36.94,2.89,25.22,156.89,163.86,4.22,-9.28,8.27,-25.82
Mg5Zn2Ca3,5,2,3,50,20,30,934.6,37.25,2.76,25.29,161.2,167.23,4,-10.48,8.56,-27.59
Mg5Zn2Ca4,5,2,4,45.454545,18.181818,36.363636,951,37.51,2.65,25.35,164.73,170,3.82,-11.11,8.61,-28.33
Mg5Zn2Ca5,5,2,5,41.666667,16.666667,41.666667,964.7,37.73,2.55,25.4,167.67,172.3,3.67,-11.39,8.54,-28.48
Mg5Zn2Ca6,5,2,6,38.461538,15.384615,46.153846,976.2,37.91,2.47,25.44,170.15,174.24,3.54,-11.46,8.41,-28.28
Mg5Zn2Ca7,5,2,7,35.714286,14.285714,50,986.1,38.06,2.41,25.47,172.29,175.91,3.43,-11.39,8.25,-27.88
Mg5Zn2Ca8,5,2,8,33.333333,13.333333,53.333333,994.7,38.2,2.35,25.5,174.13,177.36,3.33,-11.24,8.06,-27.36
Mg5Zn2Ca9,5,2,9,31.25,12.5,56.25,1002.2,38.31,2.3,25.53,175.75,178.62,3.25,-11.03,7.87,-26.77
Mg5Zn2Ca10,5,2,10,29.411765,11.764706,58.823529,1008.9,38.42,2.25,25.55,177.18,179.74,3.18,-10.8,7.68,-26.15
Mg5Zn3Ca1,5,3,1,55.555556,33.333333,11.111111,867.7,39.75,3.52,25.16,147.56,157.4,5.33,-7.7,7.79,-23.28
Mg5Zn3Ca2,5,3,2,50,30,20,892.4,39.78,3.32,25.24,152.8,161.42,5,-10.08,8.56,-27.19
Mg5Zn3Ca3,5,3,3,45.454545,27.272727,27.272727,912.6,39.81,3.16,25.3,157.09,164.71,4.73,-11.5,8.87,-29.24
Mg5Zn3Ca4,5,3,4,41.666667,25,33.333333,929.5,39.83,3.02,25.35,160.67,167.45,4.5,-12.33,8.95,-30.24
Mg5Zn3Ca5,5,3,5,38.461538,23.076923,38.461538,943.8,39.85,2.91,25.4,163.69,169.77,4.31,-12.78,8.92,-30.62
Mg5Zn3Ca6,5,3,6,35.714286,21.428571,42.857143,956,39.87,2.81,25.44,166.29,171.76,4.14,-12.98,8.82,-30.61
Mg5Zn3Ca7,5,3,7,33.333333,20,46.666667,966.6,39.88,2.72,25.47,168.53,173.48,4,-13.01,8.67,-30.36
Mg5Zn3Ca8,5,3,8,31.25,18.75,50,975.9,39.9,2.65,25.5,170.5,174.99,3.88,-12.94,8.51,-29.96
Mg5Zn3Ca9,5,3,9,29.411765,17.647059,52.941176,984.1,39.91,2.58,25.52,172.24,176.32,3.76,-12.79,8.33,-29.45
Mg5Zn3Ca10,5,3,10,27.777778,16.666667,55.555556,991.3,39.92,2.52,25.55,173.78,177.5,3.67,-12.59,8.15,-28.9
Mg5Zn4Ca1,5,4,1,50,40,10,850.2,42.31,3.88,25.18,144.4,155.6,6,-7.92,7.84,-23.6
Mg5Zn4Ca2,5,4,2,45.454545,36.363636,18.181818,874.3,42.11,3.67,25.25,149.45,159.42,5.64,-10.45,8.61,-27.67
Mg5Zn4Ca3,5,4,3,41.666667,33.333333,25,894.3,41.94,3.49,25.31,153.67,162.6,5.33,-12.06,8.95,-29.96
Mg5Zn4Ca4,5,4,4,38.461538,30.769231,30.769231,911.3,41.8,3.34,25.36,157.23,165.3,5.08,-13.07,9.08,-31.23
Mg5Zn4Ca5,5,4,5,35.714286,28.571429,35.714286,925.9,41.68,3.21,25.4,160.29,167.6,4.86,-13.67,9.09,-31.85
Mg5Zn4Ca6,5,4,6,33.333333,26.666667,40,938.5,41.57,3.1,25.43,162.93,169.6,4.67,-14.01,9.02,-32.05
Mg5Zn4Ca7,5,4,7,31.25,25,43.75,949.5,41.48,3,25.46,165.25,171.35,4.5,-14.16,8.91,-31.97
Mg5Zn4Ca8,5,4,8,29.411765,23.529412,47.058824,959.2,41.39,2.91,25.49,167.29,172.9,4.35,-14.17,8.77,-31.71
Mg5Zn4Ca9,5,4,9,27.777778,22.222222,50,967.9,41.32,2.83,25.52,169.11,174.27,4.22,-14.1,8.61,-31.33
Mg5Zn4Ca10,5,4,10,26.315789,21.052632,52.631579,975.6,41.26,2.77,25.54,170.74,175.5,4.11,-13.96,8.45,-30.87
Mg5Zn5Ca1,5,5,1,45.454545,45.454545,9.090909,835.9,44.41,4.18,25.2,141.82,154.14,6.55,-7.93,7.77,-23.47
Mg5Zn5Ca2,5,5,2,41.666667,41.666667,16.666667,859.2,44.05,3.96,25.26,146.67,157.76,6.17,-10.56,8.54,-27.64
Mg5Zn5Ca3,5,5,3,38.461538,38.461538,23.076923,878.8,43.75,3.77,25.31,150.77,160.82,5.85,-12.31,8.92,-30.15
Mg5Zn5Ca4,5,5,4,35.714286,35.714286,28.571429,895.7,43.48,3.61,25.36,154.29,163.45,5.57,-13.47,9.09,-31.64
Mg5Zn5Ca5,5,5,5,33.333333,33.333333,33.333333,910.3,43.26,3.47,25.4,157.33,165.73,5.33,-14.22,9.13,-32.48
Mg5Zn5Ca6,5,5,6,31.25,31.25,37.5,923.1,43.06,3.35,25.43,160,167.72,5.12,-14.69,9.1,-32.88
Mg5Zn5Ca7,5,5,7,29.411765,29.411765,41.176471,934.4,42.88,3.24,25.46,162.35,169.48,4.94,-14.95,9.02,-32.98
Mg5Zn5Ca8,5,5,8,27.777778,27.777778,44.444444,944.4,42.73,3.15,25.49,164.44,171.04,4.78,-15.06,8.91,-32.88
Mg5Zn5Ca9,5,5,9,26.315789,26.315789,47.368421,953.4,42.59,3.06,25.51,166.32,172.44,4.63,-15.07,8.78,-32.63
Mg5Zn5Ca10,5,5,10,25,25,50,961.5,42.46,2.98,25.53,168,173.69,4.5,-15,8.64,-32.28
Mg5Zn6Ca1,5,6,1,41.666667,50,8.333333,824,46.16,4.42,25.22,139.67,152.91,7,-7.83,7.63,-23.1
Mg5Zn6Ca2,5,6,2,38.461538,46.153846,15.384615,846.4,45.69,4.2,25.27,144.31,156.35,6.62,-10.51,8.41,-27.33
Mg5Zn6Ca3,5,6,3,35.714286,42.857143,21.428571,865.6,45.29,4.01,25.32,148.29,159.3,6.29,-12.37,8.82,-30
Mg5Zn6Ca4,5,6,4,33.333333,40,26.666667,882.2,44.94,3.84,25.36,151.73,161.85,6,-13.65,9.02,-31.69
Mg5Zn6Ca5,5,6,5,31.25,37.5,31.25,896.8,44.64,3.7,25.4,154.75,164.08,5.75,-14.53,9.1,-32.73
Mg5Zn6Ca6,5,6,6,29.411765,35.294118,35.294118,909.6,44.37,3.57,25.43,157.41,166.06,5.53,-15.11,9.1,-33.31
Mg5Zn6Ca7,5,6,7,27.777778,33.333333,38.888889,921,44.13,3.46,25.46,159.78,167.81,5.33,-15.48,9.05,-33.59
Mg5Zn6Ca8,5,6,8,26.315789,31.578947,42.105263,931.2,43.92,3.36,25.48,161.89,169.38,5.16,-15.69,8.97,-33.63
Mg5Zn6Ca9,5,6,9,25,30,45,940.4,43.73,3.27,25.5,163.8,170.79,5,-15.78,8.87,-33.52
Mg5Zn6Ca10,5,6,10,23.809524,28.571429,47.619048,948.7,43.55,3.18,25.52,165.52,172.06,4.86,-15.78,8.75,-33.28
Mg5Zn7Ca1,5,7,1,38.461538,53.846154,7.692308,813.9,47.64,4.63,25.23,137.85,151.88,7.38,-7.67,7.46,-22.6
Mg5Zn7Ca2,5,7,2,35.714286,50,14.285714,835.4,47.1,4.41,25.28,142.29,155.14,7,-10.37,8.25,-26.86
Mg5Zn7Ca3,5,7,3,33.333333,46.666667,20,854.1,46.63,4.22,25.32,146.13,157.97,6.67,-12.3,8.67,-29.65
Mg5Zn7Ca4,5,7,4,31.25,43.75,25,870.4,46.22,4.05,25.36,149.5,160.45,6.38,-13.69,8.91,-31.5
Mg5Zn7Ca5,5,7,5,29.411765,41.176471,29.411765,884.8,45.86,3.9,25.4,152.47,162.64,6.12,-14.67,9.02,-32.71
Mg5Zn7Ca6,5,7,6,27.777778,38.888889,33.333333,897.6,45.54,3.77,25.43,155.11,164.58,5.89,-15.36,9.05,-33.46
Mg5Zn7Ca7,5,7,7,26.315789,36.842105,36.842105,909,45.25,3.65,25.45,157.47,166.32,5.68,-15.82,9.03,-33.89
Mg5Zn7Ca8,5,7,8,25,35,40,919.3,44.99,3.55,25.48,159.6,167.88,5.5,-16.12,8.98,-34.08
Mg5Zn7Ca9,5,7,9,23.809524,33.333333,42.857143,928.6,44.76,3.45,25.5,161.52,169.3,5.33,-16.29,8.9,-34.09
Mg5Zn7Ca10,5,7,10,22.727273,31.818182,45.454545,937.1,44.55,3.36,25.52,163.27,170.58,5.18,-16.36,8.8,-33.97
Mg5Zn8Ca1,5,8,1,35.714286,57.142857,7.142857,805.3,48.9,4.81,25.24,136.29,150.99,7.71,-7.47,7.28,-22.03
Mg5Zn8Ca2,5,8,2,33.333333,53.333333,13.333333,825.9,48.32,4.59,25.29,140.53,154.1,7.33,-10.17,8.06,-26.29
Mg5Zn8Ca3,5,8,3,31.25,50,18.75,844,47.8,4.4,25.33,144.25,156.82,7,-12.16,8.51,-29.17
Mg5Zn8Ca4,5,8,4,29.411765,47.058824,23.529412,859.9,47.35,4.23,25.36,147.53,159.21,6.71,-13.62,8.77,-31.16
Mg5Zn8Ca5,5,8,5,27.777778,44.444444,27.777778,874.1,46.94,4.08,25.4,150.44,161.35,6.44,-14.69,8.91,-32.51
Mg5Zn8Ca6,5,8,6,26.315789,42.105263,31.578947,886.8,46.58,3.95,25.42,153.05,163.26,6.21,-15.47,8.97,-33.41
Mg5Zn8Ca7,5,8,7,25,40,35,898.2,46.26,3.83,25.45,155.4,164.97,6,-16.02,8.98,-33.98
Mg5Zn8Ca8,5,8,8,23.809524,38.095238,38.095238,908.5,45.96,3.72,25.47,157.52,166.53,5.81,-16.4,8.95,-34.3
Mg5Zn8Ca9,5,8,9,22.727273,36.363636,40.909091,917.9,45.7,3.62,25.49,159.45,167.94,5.64,-16.64,8.89,-34.43
Mg5Zn8Ca10,5,8,10,21.73913,34.782609,43.478261,926.5,45.45,3.53,25.51,161.22,169.23,5.48,-16.79,8.82,-34.42
Mg5Zn9Ca1,5,9,1,33.333333,60,6.666667,797.8,50,4.97,25.25,134.93,150.22,8,-7.25,7.09,-21.43
Mg5Zn9Ca2,5,9,2,31.25,56.25,12.5,817.6,49.38,4.75,25.3,139,153.18,7.62,-9.94,7.87,-25.68
Mg5Zn9Ca3,5,9,3,29.411765,52.941176,17.647059,835.1,48.84,4.56,25.33,142.59,155.79,7.29,-11.96,8.33,-28.62
Mg5Zn9Ca4,5,9,4,27.777778,50,22.222222,850.7,48.35,4.39,25.37,145.78,158.12,7,-13.48,8.61,-30.71
Mg5Zn9Ca5,5,9,5,26.315789,47.368421,26.315789,864.6,47.91,4.24,25.4,148.63,160.19,6.74,-14.63,8.78,-32.19
Mg5Zn9Ca6,5,9,6,25,45,30,877.1,47.52,4.11,25.42,151.2,162.06,6.5,-15.48,8.87,-33.22
Mg5Zn9Ca7,5,9,7,23.809524,42.857143,33.333333,888.4,47.17,3.98,25.45,153.52,163.76,6.29,-16.11,8.9,-33.91
Mg5Zn9Ca8,5,9,8,22.727273,40.909091,36.363636,898.7,46.85,3.87,25.47,155.64,165.3,6.09,-16.56,8.89,-34.35
Mg5Zn9Ca9,5,9,9,21.73913,39.130435,39.130435,908.1,46.55,3.77,25.49,157.57,166.7,5.91,-16.88,8.86,-34.6
Mg5Zn9Ca10,5,9,10,20.833333,37.5,41.666667,916.8,46.28,3.68,25.51,159.33,167.99,5.75,-17.08,8.8,-34.69
Mg5Zn10Ca1,5,10,1,31.25,62.5,6.25,791.2,50.96,5.1,25.26,133.75,149.55,8.25,-7.03,6.9,-20.83
Mg5Zn10Ca2,5,10,2,29.411765,58.823529,11.764706,810.3,50.32,4.89,25.3,137.65,152.37,7.88,-9.69,7.68,-25.04
Mg5Zn10Ca3,5,10,3,27.777778,55.555556,16.666667,827.2,49.76,4.71,25.34,141.11,154.89,7.56,-11.73,8.15,-28.03
Mg5Zn10Ca4,5,10,4,26.315789,52.631579,21.052632,842.4,49.25,4.54,25.37,144.21,157.13,7.26,-13.3,8.45,-30.2
Mg5Zn10Ca5,5,10,5,25,50,25,856,48.79,4.39,25.39,147,159.16,7,-14.5,8.64,-31.78
Mg5Zn10Ca6,5,10,6,23.809524,47.619048,28.571429,868.3,48.37,4.25,25.42,149.52,160.99,6.76,-15.42,8.75,-32.92
Mg5Zn10Ca7,5,10,7,22.727273,45.454545,31.818182,879.5,48,4.13,25.44,151.82,162.65,6.55,-16.12,8.8,-33.72
Mg5Zn10Ca8,5,10,8,21.73913,43.478261,34.782609,889.8,47.65,4.01,25.46,153.91,164.17,6.35,-16.64,8.82,-34.27
Mg5Zn10Ca9,5,10,9,20.833333,41.666667,37.5,899.2,47.34,3.91,25.48,155.83,165.56,6.17,-17.01,8.8,-34.62
Mg5Zn10Ca10,5,10,10,20,40,40,907.8,47.05,3.82,25.5,157.6,166.85,6,-17.28,8.77,-34.81
Mg6Zn1Ca1,6,1,1,75,12.5,12.5,918.2,31.41,2.39,25.07,156.5,162.23,3.25,-5.12,6.11,-17.35
Mg6Zn1Ca2,6,1,2,66.666667,11.111111,22.222222,940.1,32.38,2.29,25.16,161.33,166.16,3.11,-6.91,7.05,-21.02
Mg6Zn1Ca3,6,1,3,60,10,30,957.6,33.15,2.22,25.24,165.2,169.3,3,-7.92,7.46,-22.84
Mg6Zn1Ca4,6,1,4,54.545455,9.090909,36.363636,971.9,33.78,2.15,25.3,168.36,171.88,2.91,-8.46,7.62,-23.69
Mg6Zn1Ca5,6,1,5,50,8.333333,41.666667,983.8,34.3,2.1,25.36,171,174.02,2.83,-8.72,7.63,-23.99
Mg6Zn1Ca6,6,1,6,46.153846,7.692308,46.153846,993.9,34.75,2.06,25.4,173.23,175.83,2.77,-8.8,7.57,-23.95
Mg6Zn1Ca7,6,1,7,42.857143,7.142857,50,1002.6,35.13,2.02,25.44,175.14,177.39,2.71,-8.78,7.46,-23.7
Mg6Zn1Ca8,6,1,8,40,6.666667,53.333333,1010.1,35.46,1.99,25.47,176.8,178.74,2.67,-8.68,7.33,-23.34
Mg6Zn1Ca9,6,1,9,37.5,6.25,56.25,1016.6,35.75,1.96,25.5,178.25,179.91,2.62,-8.53,7.19,-22.9
Mg6Zn1Ca10,6,1,10,35.294118,5.882353,58.823529,1022.4,36,1.93,25.52,179.53,180.95,2.59,-8.36,7.03,-22.43
Mg6Zn2Ca1,6,2,1,66.666667,22.222222,11.111111,893.2,35.19,2.92,25.1,152,159.7,4.22,-6.32,7.05,-20.43
Mg6Zn2Ca2,6,2,2,60,20,20,915.4,35.68,2.78,25.19,156.8,163.49,4,-8.32,7.9,-24.11
Mg6Zn2Ca3,6,2,3,54.545455,18.181818,27.272727,933.5,36.08,2.66,25.25,160.73,166.59,3.82,-9.52,8.27,-26.06
Mg6Zn2Ca4,6,2,4,50,16.666667,33.333333,948.7,36.41,2.57,25.31,164,169.17,3.67,-10.22,8.4,-27.03
Mg6Zn2Ca5,6,2,5,46.153846,15.384615,38.461538,961.5,36.69,2.49,25.36,166.77,171.36,3.54,-10.6,8.41,-27.43
Mg6Zn2Ca6,6,2,6,42.857143,14.285714,42.857143,972.4,36.94,2.42,25.4,169.14,173.23,3.43,-10.78,8.35,-27.47
Mg6Zn2Ca7,6,2,7,40,13.333333,46.666667,981.9,37.15,2.36,25.43,171.2,174.86,3.33,-10.81,8.23,-27.28
Mg6Zn2Ca8,6,2,8,37.5,12.5,50,990.2,37.33,2.31,25.46,173,176.28,3.25,-10.75,8.1,-26.94
Mg6Zn2Ca9,6,2,9,35.294118,11.764706,52.941176,997.6,37.49,2.26,25.49,174.59,177.53,3.18,-10.63,7.94,-26.52
Mg6Zn2Ca10,6,2,10,33.333333,11.111111,55.555556,1004.1,37.63,2.22,25.52,176,178.65,3.11,-10.47,7.79,-26.04
Mg6Zn3Ca1,6,3,1,60,30,10,873.2,38.21,3.34,25.13,148.4,157.67,5,-6.96,7.46,-21.88
Mg6Zn3Ca2,6,3,2,54.545455,27.272727,18.181818,895.2,38.38,3.17,25.2,153.09,161.3,4.73,-9.12,8.27,-25.66
Mg6Zn3Ca3,6,3,3,50,25,25,913.5,38.52,3.04,25.27,157,164.33,4.5,-10.5,8.64,-27.78
Mg6Zn3Ca4,6,3,4,46.153846,23.076923,30.769231,929,38.64,2.92,25.32,160.31,166.89,4.31,-11.36,8.79,-28.94
Mg6Zn3Ca5,6,3,5,42.857143,21.428571,35.714286,942.3,38.74,2.82,25.36,163.14,169.08,4.14,-11.88,8.82,-29.51
Mg6Zn3Ca6,6,3,6,40,20,40,953.8,38.83,2.74,25.4,165.6,170.98,4,-12.16,8.77,-29.69
Mg6Zn3Ca7,6,3,7,37.5,18.75,43.75,963.9,38.91,2.66,25.43,167.75,172.65,3.88,-12.28,8.67,-29.62
Mg6Zn3Ca8,6,3,8,35.294118,17.647059,47.058824,972.8,38.98,2.59,25.46,169.65,174.11,3.76,-12.29,8.55,-29.38
Mg6Zn3Ca9,6,3,9,33.333333,16.666667,50,980.7,39.04,2.54,25.49,171.33,175.42,3.67,-12.22,8.4,-29.03
Mg6Zn3Ca10,6,3,10,31.578947,15.789474,52.631579,987.7,39.09,2.48,25.51,172.84,176.59,3.58,-12.1,8.25,-28.61
Mg6Zn4Ca1,6,4,1,54.545455,36.363636,9.090909,856.8,40.68,3.68,25.16,145.45,156.02,5.64,-7.27,7.62,-22.5
Mg6Zn4Ca2,6,4,2,50,33.333333,16.666667,878.3,40.63,3.5,25.22,150,159.48,5.33,-9.56,8.4,-26.37
Mg6Zn4Ca3,6,4,3,46.153846,30.769231,23.076923,896.5,40.59,3.35,25.27,153.85,162.41,5.08,-11.08,8.79,-28.66
Mg6Zn4Ca4,6,4,4,42.857143,28.571429,28.571429,912.1,40.55,3.22,25.32,157.14,164.93,4.86,-12.08,8.97,-30.01
Mg6Zn4Ca5,6,4,5,40,26.666667,33.333333,925.7,40.52,3.11,25.36,160,167.11,4.67,-12.73,9.02,-30.77
Mg6Zn4Ca6,6,4,6,37.5,25,37.5,937.5,40.49,3.01,25.4,162.5,169.01,4.5,-13.12,8.99,-31.11
Mg6Zn4Ca7,6,4,7,35.294118,23.529412,41.176471,947.9,40.47,2.92,25.43,164.71,170.69,4.35,-13.34,8.92,-31.18
Mg6Zn4Ca8,6,4,8,33.333333,22.222222,44.444444,957.2,40.45,2.85,25.46,166.67,172.19,4.22,-13.43,8.82,-31.06
Mg6Zn4Ca9,6,4,9,31.578947,21.052632,47.368421,965.5,40.43,2.78,25.48,168.42,173.53,4.11,-13.43,8.69,-30.81
Mg6Zn4Ca10,6,4,10,30,20,50,973,40.41,2.71,25.5,170,174.73,4,-13.36,8.56,-30.47
Mg6Zn5Ca1,6,5,1,50,41.666667,8.333333,843.2,42.74,3.97,25.18,143,154.64,6.17,-7.39,7.63,-22.65
Mg6Zn5Ca2,6,5,2,46.153846,38.461538,15.384615,864.1,42.53,3.78,25.23,147.38,157.94,5.85,-9.75,8.41,-26.58
Mg6Zn5Ca3,6,5,3,42.857143,35.714286,21.428571,882,42.36,3.62,25.28,151.14,160.77,5.57,-11.39,8.82,-29.02
Mg6Zn5Ca4,6,5,4,40,33.333333,26.666667,897.5,42.21,3.48,25.33,154.4,163.23,5.33,-12.52,9.02,-30.55
Mg6Zn5Ca5,6,5,5,37.5,31.25,31.25,911.1,42.07,3.36,25.36,157.25,165.38,5.12,-13.28,9.1,-31.48
Mg6Zn5Ca6,6,5,6,35.294118,29.411765,35.294118,923.1,41.96,3.25,25.4,159.76,167.27,4.94,-13.79,9.1,-31.99
Mg6Zn5Ca7,6,5,7,33.333333,27.777778,38.888889,933.8,41.85,3.16,25.43,162,168.96,4.78,-14.1,9.05,-32.2
Mg6Zn5Ca8,6,5,8,31.578947,26.315789,42.105263,943.3,41.76,3.07,25.45,164,170.46,4.63,-14.27,8.97,-32.21
Mg6Zn5Ca9,6,5,9,30,25,45,951.9,41.67,3,25.48,165.8,171.82,4.5,-14.34,8.87,-32.08
Mg6Zn5Ca10,6,5,10,28.571429,23.809524,47.619048,959.7,41.6,2.93,25.5,167.43,173.05,4.38,-14.33,8.75,-31.83
Mg6Zn6Ca1,6,6,1,46.153846,46.153846,7.692308,831.6,44.48,4.22,25.19,140.92,153.47,6.62,-7.38,7.57,-22.53
Mg6Zn6Ca2,6,6,2,42.857143,42.857143,14.285714,851.9,44.16,4.02,25.24,145.14,156.62,6.29,-9.8,8.35,-26.49
Mg6Zn6Ca3,6,6,3,40,40,20,869.4,43.89,3.86,25.29,148.8,159.35,6,-11.52,8.77,-29.05
Mg6Zn6Ca4,6,6,4,37.5,37.5,25,884.8,43.65,3.71,25.33,152,161.74,5.75,-12.75,8.99,-30.74
Mg6Zn6Ca5,6,6,5,35.294118,35.294118,29.411765,898.3,43.44,3.58,25.37,154.82,163.85,5.53,-13.62,9.1,-31.82
Mg6Zn6Ca6,6,6,6,33.333333,33.333333,33.333333,910.3,43.26,3.47,25.4,157.33,165.73,5.33,-14.22,9.13,-32.48
Mg6Zn6Ca7,6,6,7,31.578947,31.578947,36.842105,921.1,43.09,3.37,25.42,159.58,167.4,5.16,-14.63,9.11,-32.84
Mg6Zn6Ca8,6,6,8,30,30,40,930.8,42.94,3.28,25.45,161.6,168.91,5,-14.88,9.05,-32.98
Mg6Zn6Ca9,6,6,9,28.571429,28.571429,42.857143,939.6,42.8,3.19,25.47,163.43,170.28,4.86,-15.02,8.97,-32.95
Mg6Zn6Ca10,6,6,10,27.272727,27.272727,45.454545,947.5,42.68,3.12,25.49,165.09,171.52,4.73,-15.07,8.87,-32.81
Mg6Zn7Ca1,6,7,1,42.857143,50,7.142857,821.7,45.97,4.42,25.21,139.14,152.47,7,-7.31,7.46,-22.23
Mg6Zn7Ca2,6,7,2,40,46.666667,13.333333,841.3,45.58,4.23,25.25,143.2,155.48,6.67,-9.74,8.23,-26.21
Mg6Zn7Ca3,6,7,3,37.5,43.75,18.75,858.4,45.23,4.06,25.3,146.75,158.11,6.38,-11.53,8.67,-28.87
Mg6Zn7Ca4,6,7,4,35.294118,41.176471,23.529412,873.5,44.93,3.91,25.33,149.88,160.43,6.12,-12.84,8.92,-30.68
Mg6Zn7Ca5,6,7,5,33.333333,38.888889,27.777778,886.9,44.66,3.78,25.37,152.67,162.5,5.89,-13.8,9.05,-31.91
Mg6Zn7Ca6,6,7,6,31.578947,36.842105,31.578947,898.9,44.42,3.66,25.4,155.16,164.34,5.68,-14.49,9.11,-32.71
Mg6Zn7Ca7,6,7,7,30,35,35,909.7,44.2,3.56,25.42,157.4,166.01,5.5,-14.98,9.11,-33.2
Mg6Zn7Ca8,6,7,8,28.571429,33.333333,38.095238,919.5,44.01,3.46,25.45,159.43,167.51,5.33,-15.31,9.07,-33.46
Mg6Zn7Ca9,6,7,9,27.272727,31.818182,40.909091,928.4,43.83,3.37,25.47,161.27,168.88,5.18,-15.52,9.01,-33.54
Mg6Zn7Ca10,6,7,10,26.086957,30.434783,43.478261,936.5,43.67,3.29,25.49,162.96,170.13,5.04,-15.64,8.93,-33.5
Mg6Zn8Ca1,6,8,1,40,53.333333,6.666667,813.1,47.27,4.61,25.22,137.6,151.6,7.33,-7.18,7.33,-21.85
Mg6Zn8Ca2,6,8,2,37.5,50,12.5,832,46.82,4.41,25.26,141.5,154.47,7,-9.62,8.1,-25.82
Mg6Zn8Ca3,6,8,3,35.294118,47.058824,17.647059,848.6,46.42,4.24,25.3,144.94,157.01,6.71,-11.46,8.55,-28.55
Mg6Zn8Ca4,6,8,4,33.333333,44.444444,22.222222,863.4,46.07,4.09,25.34,148,159.27,6.44,-12.84,8.82,-30.47
Mg6Zn8Ca5,6,8,5,31.578947,42.105263,26.315789,876.7,45.75,3.96,25.37,150.74,161.28,6.21,-13.87,8.97,-31.81
Mg6Zn8Ca6,6,8,6,30,40,30,888.6,45.47,3.84,25.4,153.2,163.1,6,-14.64,9.05,-32.74
Mg6Zn8Ca7,6,8,7,28.571429,38.095238,33.333333,899.4,45.21,3.73,25.42,155.43,164.74,5.81,-15.2,9.07,-33.35
Mg6Zn8Ca8,6,8,8,27.272727,36.363636,36.363636,909.2,44.98,3.63,25.44,157.45,166.24,5.64,-15.6,9.06,-33.72
Mg6Zn8Ca9,6,8,9,26.086957,34.782609,39.130435,918.1,44.77,3.54,25.47,159.3,167.6,5.48,-15.88,9.02,-33.91
Mg6Zn8Ca10,6,8,10,25,33.333333,41.666667,926.3,44.57,3.45,25.48,161,168.85,5.33,-16.06,8.95,-33.96
Mg6Zn9Ca1,6,9,1,37.5,56.25,6.25,805.6,48.4,4.76,25.23,136.25,150.84,7.62,-7.03,7.19,-21.4
Mg6Zn9Ca2,6,9,2,35.294118,52.941176,11.764706,823.8,47.91,4.57,25.27,140,153.59,7.29,-9.47,7.94,-25.36
Mg6Zn9Ca3,6,9,3,33.333333,50,16.666667,840,47.47,4.4,25.31,143.33,156.03,7,-11.33,8.4,-28.14
Mg6Zn9Ca4,6,9,4,31.578947,47.368421,21.052632,854.5,47.08,4.25,25.34,146.32,158.22,6.74,-12.76,8.69,-30.15
Mg6Zn9Ca5,6,9,5,30,45,25,867.5,46.73,4.12,25.37,149,160.19,6.5,-13.86,8.87,-31.6
Mg6Zn9Ca6,6,9,6,28.571429,42.857143,28.571429,879.3,46.42,3.99,25.4,151.43,161.97,6.29,-14.69,8.97,-32.63
Mg6Zn9Ca7,6,9,7,27.272727,40.909091,31.818182,890,46.13,3.88,25.42,153.64,163.59,6.09,-15.32,9.01,-33.34
Mg6Zn9Ca8,6,9,8,26.086957,39.130435,34.782609,899.8,45.87,3.78,25.44,155.65,165.07,5.91,-15.79,9.02,-33.82
Mg6Zn9Ca9,6,9,9,25,37.5,37.5,908.8,45.62,3.69,25.46,157.5,166.43,5.75,-16.12,8.99,-34.11
Mg6Zn9Ca10,6,9,10,24,36,40,917,45.4,3.6,25.48,159.2,167.67,5.6,-16.36,8.95,-34.26
Mg6Zn10Ca1,6,10,1,35.294118,58.823529,5.882353,799,49.4,4.9,25.24,135.06,150.17,7.88,-6.87,7.03,-20.93
Mg6Zn10Ca2,6,10,2,33.333333,55.555556,11.111111,816.6,48.88,4.72,25.28,138.67,152.8,7.56,-9.28,7.79,-24.86
Mg6Zn10Ca3,6,10,3,31.578947,52.631579,15.789474,832.3,48.42,4.55,25.31,141.89,155.16,7.26,-11.17,8.25,-27.68
Mg6Zn10Ca4,6,10,4,30,50,20,846.4,48,4.4,25.34,144.8,157.28,7,-12.64,8.56,-29.75
Mg6Zn10Ca5,6,10,5,28.571429,47.619048,23.809524,859.2,47.62,4.26,25.37,147.43,159.2,6.76,-13.79,8.75,-31.29
Mg6Zn10Ca6,6,10,6,27.272727,45.454545,27.272727,870.8,47.28,4.14,25.4,149.82,160.95,6.55,-14.68,8.87,-32.41
Mg6Zn10Ca7,6,10,7,26.086957,43.478261,30.434783,881.4,46.97,4.02,25.42,152,162.54,6.35,-15.36,8.93,-33.23
Mg6Zn10Ca8,6,10,8,25,41.666667,33.333333,891.2,46.68,3.92,25.44,154,164,6.17,-15.89,8.95,-33.8
Mg6Zn10Ca9,6,10,9,24,40,36,900.1,46.42,3.82,25.46,155.84,165.35,6,-16.28,8.95,-34.18
Mg6Zn10Ca10,6,10,10,23.076923,38.461538,38.461538,908.4,46.17,3.74,25.48,157.54,166.59,5.85,-16.57,8.92,-34.41
Mg7Zn1Ca1,7,1,1,77.777778,11.111111,11.111111,918.8,30.63,2.32,25.05,156.44,162,3.11,-4.54,5.68,-15.91
Mg7Zn1Ca2,7,1,2,70,10,20,938.4,31.57,2.24,25.13,160.8,165.56,3,-6.24,6.66,-19.57
Mg7Zn1Ca3,7,1,3,63.636364,9.090909,27.272727,954.5,32.34,2.17,25.21,164.36,168.47,2.91,-7.27,7.15,-21.57
Mg7Zn1Ca4,7,1,4,58.333333,8.333333,33.333333,967.8,32.99,2.12,25.27,167.33,170.9,2.83,-7.89,7.38,-22.64
Mg7Zn1Ca5,7,1,5,53.846154,7.692308,38.461538,979.2,33.53,2.07,25.32,169.85,172.95,2.77,-8.24,7.46,-23.16
Mg7Zn1Ca6,7,1,6,50,7.142857,42.857143,988.9,34,2.04,25.36,172,174.71,2.71,-8.41,7.46,-23.34
Mg7Zn1Ca7,7,1,7,46.666667,6.666667,46.666667,997.3,34.41,2,25.4,173.87,176.24,2.67,-8.46,7.41,-23.29
Mg7Zn1Ca8,7,1,8,43.75,6.25,50,1004.6,34.76,1.97,25.43,175.5,177.57,2.62,-8.44,7.33,-23.09
Mg7Zn1Ca9,7,1,9,41.176471,5.882353,52.941176,1011.1,35.07,1.95,25.46,176.94,178.75,2.59,-8.36,7.22,-22.8
Mg7Zn1Ca10,7,1,10,38.888889,5.555556,55.555556,1016.9,35.35,1.92,25.49,178.22,179.8,2.56,-8.25,7.1,-22.45
Mg7Zn2Ca1,7,2,1,70,20,10,896.2,34.1,2.8,25.08,152.4,159.74,4,-5.68,6.66,-19.01
Mg7Zn2Ca2,7,2,2,63.636364,18.181818,18.181818,916.1,34.64,2.68,25.16,156.73,163.18,3.82,-7.54,7.54,-22.62
Mg7Zn2Ca3,7,2,3,58.333333,16.666667,25,932.7,35.1,2.59,25.22,160.33,166.05,3.67,-8.72,7.97,-24.67
Mg7Zn2Ca4,7,2,4,53.846154,15.384615,30.769231,946.7,35.48,2.51,25.28,163.38,168.48,3.54,-9.47,8.18,-25.82
Mg7Zn2Ca5,7,2,5,50,14.285714,35.714286,958.7,35.81,2.44,25.32,166,170.56,3.43,-9.92,8.25,-26.41
Mg7Zn2Ca6,7,2,6,46.666667,13.333333,40,969.1,36.09,2.38,25.36,168.27,172.36,3.33,-10.17,8.23,-26.64
Mg7Zn2Ca7,7,2,7,43.75,12.5,43.75,978.2,36.34,2.32,25.4,170.25,173.94,3.25,-10.28,8.17,-26.62
Mg7Zn2Ca8,7,2,8,41.176471,11.764706,47.058824,986.3,36.56,2.28,25.43,172,175.33,3.18,-10.3,8.08,-26.45
Mg7Zn2Ca9,7,2,9,38.888889,11.111111,50,993.4,36.76,2.23,25.46,173.56,176.57,3.11,-10.25,7.96,-26.17
Mg7Zn2Ca10,7,2,10,36.842105,10.526316,52.631579,999.8,36.93,2.2,25.48,174.95,177.67,3.05,-10.15,7.83,-25.82
Mg7Zn3Ca1,7,3,1,63.636364,27.272727,9.090909,877.7,36.94,3.19,25.11,149.09,157.9,4.73,-6.35,7.15,-20.64
Mg7Zn3Ca2,7,3,2,58.333333,25,16.666667,897.5,37.21,3.06,25.18,153.33,161.2,4.5,-8.33,7.97,-24.28
Mg7Zn3Ca3,7,3,3,53.846154,23.076923,23.076923,914.2,37.43,2.94,25.23,156.92,164,4.31,-9.66,8.39,-26.44
Mg7Zn3Ca4,7,3,4,50,21.428571,28.571429,928.6,37.62,2.84,25.28,160,166.4,4.14,-10.53,8.6,-27.73
Mg7Zn3Ca5,7,3,5,46.666667,20,33.333333,941,37.78,2.75,25.33,162.67,168.48,4,-11.09,8.67,-28.44
Mg7Zn3Ca6,7,3,6,43.75,18.75,37.5,951.9,37.92,2.67,25.36,165,170.3,3.88,-11.44,8.67,-28.78
Mg7Zn3Ca7,7,3,7,41.176471,17.647059,41.176471,961.5,38.05,2.61,25.4,167.06,171.91,3.76,-11.63,8.62,-28.86
Mg7Zn3Ca8,7,3,8,38.888889,16.666667,44.444444,970,38.16,2.55,25.43,168.89,173.34,3.67,-11.7,8.53,-28.76
Mg7Zn3Ca9,7,3,9,36.842105,15.789474,47.368421,977.6,38.26,2.49,25.45,170.53,174.61,3.58,-11.7,8.42,-28.54
Mg7Zn3Ca10,7,3,10,35,15,50,984.5,38.36,2.44,25.48,172,175.76,3.5,-11.64,8.3,-28.24
Mg7Zn4Ca1,7,4,1,58.333333,33.333333,8.333333,862.3,39.31,3.52,25.13,146.33,156.36,5.33,-6.72,7.38,-21.48
Mg7Zn4Ca2,7,4,2,53.846154,30.769231,15.384615,881.8,39.37,3.37,25.19,150.46,159.53,5.08,-8.8,8.18,-25.16
Mg7Zn4Ca3,7,4,3,50,28.571429,21.428571,898.4,39.42,3.24,25.25,154,162.25,4.86,-10.24,8.6,-27.44
Mg7Zn4Ca4,7,4,4,46.666667,26.666667,26.666667,912.9,39.47,3.12,25.29,157.07,164.61,4.67,-11.24,8.81,-28.86
Mg7Zn4Ca5,7,4,5,43.75,25,31.25,925.5,39.51,3.02,25.33,159.75,166.67,4.5,-11.91,8.91,-29.72
Mg7Zn4Ca6,7,4,6,41.176471,23.529412,35.294118,936.6,39.54,2.94,25.37,162.12,168.49,4.35,-12.35,8.92,-30.19
Mg7Zn4Ca7,7,4,7,38.888889,22.222222,38.888889,946.6,39.57,2.86,25.4,164.22,170.11,4.22,-12.62,8.88,-30.38
Mg7Zn4Ca8,7,4,8,36.842105,21.052632,42.105263,955.4,39.6,2.79,25.43,166.11,171.55,4.11,-12.76,8.81,-30.38
Mg7Zn4Ca9,7,4,9,35,20,45,963.4,39.62,2.73,25.45,167.8,172.86,4,-12.82,8.71,-30.25
Mg7Zn4Ca10,7,4,10,33.333333,19.047619,47.619048,970.6,39.64,2.67,25.47,169.33,174.03,3.9,-12.81,8.6,-30.02
Mg7Zn5Ca1,7,5,1,53.846154,38.461538,7.692308,849.3,41.32,3.8,25.15,144,155.06,5.85,-6.91,7.46,-21.84
Mg7Zn5Ca2,7,5,2,50,35.714286,14.285714,868.3,41.23,3.64,25.21,148,158.1,5.57,-9.06,8.25,-25.55
Mg7Zn5Ca3,7,5,3,46.666667,33.333333,20,884.7,41.15,3.5,25.26,151.47,160.73,5.33,-10.6,8.67,-27.94
Mg7Zn5Ca4,7,5,4,43.75,31.25,25,899.1,41.09,3.37,25.3,154.5,163.03,5.12,-11.69,8.91,-29.5
Mg7Zn5Ca5,7,5,5,41.176471,29.411765,29.411765,911.8,41.03,3.27,25.33,157.18,165.07,4.94,-12.46,9.02,-30.49
Mg7Zn5Ca6,7,5,6,38.888889,27.777778,33.333333,923.1,40.98,3.17,25.37,159.56,166.88,4.78,-12.99,9.05,-31.09
Mg7Zn5Ca7,7,5,7,36.842105,26.315789,36.842105,933.2,40.93,3.08,25.4,161.68,168.49,4.63,-13.34,9.03,-31.41
Mg7Zn5Ca8,7,5,8,35,25,40,942.3,40.89,3.01,25.42,163.6,169.95,4.5,-13.56,8.98,-31.52
Mg7Zn5Ca9,7,5,9,33.333333,23.809524,42.857143,950.5,40.85,2.94,25.45,165.33,171.26,4.38,-13.68,8.9,-31.48
Mg7Zn5Ca10,7,5,10,31.818182,22.727273,45.454545,958,40.81,2.87,25.47,166.91,172.46,4.27,-13.72,8.8,-31.33
Mg7Zn6Ca1,7,6,1,50,42.857143,7.142857,838.1,43.04,4.04,25.17,142,153.94,6.29,-6.98,7.46,-21.91
Mg7Zn6Ca2,7,6,2,46.666667,40,13.333333,856.6,42.84,3.87,25.22,145.87,156.85,6,-9.17,8.23,-25.64
Mg7Zn6Ca3,7,6,3,43.75,37.5,18.75,872.8,42.67,3.73,25.26,149.25,159.4,5.75,-10.78,8.67,-28.12
Mg7Zn6Ca4,7,6,4,41.176471,35.294118,23.529412,887,42.52,3.6,25.3,152.24,161.65,5.53,-11.96,8.92,-29.8
Mg7Zn6Ca5,7,6,5,38.888889,33.333333,27.777778,899.7,42.38,3.48,25.34,154.89,163.64,5.33,-12.81,9.05,-30.92
Mg7Zn6Ca6,7,6,6,36.842105,31.578947,31.578947,911,42.26,3.38,25.37,157.26,165.43,5.16,-13.43,9.11,-31.64
Mg7Zn6Ca7,7,6,7,35,30,35,921.2,42.15,3.29,25.4,159.4,167.04,5,-13.86,9.11,-32.08
Mg7Zn6Ca8,7,6,8,33.333333,28.571429,38.095238,930.4,42.05,3.2,25.42,161.33,168.5,4.86,-14.15,9.07,-32.3
Mg7Zn6Ca9,7,6,9,31.818182,27.272727,40.909091,938.8,41.96,3.13,25.45,163.09,169.82,4.73,-14.33,9.01,-32.35
Mg7Zn6Ca10,7,6,10,30.434783,26.086957,43.478261,946.5,41.88,3.06,25.47,164.7,171.03,4.61,-14.43,8.93,-32.29
Mg7Zn7Ca1,7,7,1,46.666667,46.666667,6.666667,828.5,44.53,4.25,25.18,140.27,152.98,6.67,-6.97,7.41,-21.79
Mg7Zn7Ca2,7,7,2,43.75,43.75,12.5,846.4,44.25,4.08,25.23,144,155.77,6.38,-9.19,8.17,-25.53
Mg7Zn7Ca3,7,7,3,41.176471,41.176471,17.647059,862.2,44,3.93,25.27,147.29,158.23,6.12,-10.85,8.62,-28.08
Mg7Zn7Ca4,7,7,4,38.888889,38.888889,22.222222,876.2,43.79,3.79,25.31,150.22,160.41,5.89,-12.1,8.88,-29.86
Mg7Zn7Ca5,7,7,5,36.842105,36.842105,26.315789,888.8,43.59,3.67,25.34,152.84,162.37,5.68,-13.03,9.03,-31.1
Mg7Zn7Ca6,7,7,6,35,35,30,900.1,43.42,3.57,25.37,155.2,164.13,5.5,-13.72,9.11,-31.94
Mg7Zn7Ca7,7,7,7,33.333333,33.333333,33.333333,910.3,43.26,3.47,25.4,157.33,165.73,5.33,-14.22,9.13,-32.48
Mg7Zn7Ca8,7,7,8,31.818182,31.818182,36.363636,919.6,43.11,3.38,25.42,159.27,167.18,5.18,-14.58,9.11,-32.8
Mg7Zn7Ca9,7,7,9,30.434783,30.434783,39.130435,928.1,42.98,3.3,25.44,161.04,168.5,5.04,-14.82,9.07,-32.96
Mg7Zn7Ca10,7,7,10,29.166667,29.166667,41.666667,935.9,42.86,3.23,25.46,162.67,169.71,4.92,-14.97,9,-32.98
Mg7Zn8Ca1,7,8,1,43.75,50,6.25,820,45.83,4.43,25.2,138.75,152.13,7,-6.91,7.33,-21.56
Mg7Zn8Ca2,7,8,2,41.176471,47.058824,11.764706,837.4,45.49,4.26,25.24,142.35,154.81,6.71,-9.13,8.08,-25.29
Mg7Zn8Ca3,7,8,3,38.888889,44.444444,16.666667,852.8,45.19,4.1,25.28,145.56,157.18,6.44,-10.84,8.53,-27.9
Mg7Zn8Ca4,7,8,4,36.842105,42.105263,21.052632,866.6,44.92,3.97,25.31,148.42,159.31,6.21,-12.14,8.81,-29.76
Mg7Zn8Ca5,7,8,5,35,40,25,879,44.68,3.85,25.34,151,161.23,6,-13.14,8.98,-31.1
Mg7Zn8Ca6,7,8,6,33.333333,38.095238,28.571429,890.2,44.46,3.74,25.37,153.33,162.96,5.81,-13.9,9.07,-32.04
Mg7Zn8Ca7,7,8,7,31.818182,36.363636,31.818182,900.5,44.26,3.64,25.4,155.45,164.53,5.64,-14.46,9.11,-32.69
Mg7Zn8Ca8,7,8,8,30.434783,34.782609,34.782609,909.8,44.08,3.55,25.42,157.39,165.97,5.48,-14.88,9.11,-33.11
Mg7Zn8Ca9,7,8,9,29.166667,33.333333,37.5,918.3,43.91,3.46,25.44,159.17,167.29,5.33,-15.18,9.09,-33.35
Mg7Zn8Ca10,7,8,10,28,32,40,926.2,43.76,3.38,25.46,160.8,168.5,5.2,-15.39,9.04,-33.46
Mg7Zn9Ca1,7,9,1,41.176471,52.941176,5.882353,812.5,46.98,4.59,25.21,137.41,151.39,7.29,-6.81,7.22,-21.25
Mg7Zn9Ca2,7,9,2,38.888889,50,11.111111,829.3,46.6,4.42,25.25,140.89,153.95,7,-9.04,7.96,-24.96
Mg7Zn9Ca3,7,9,3,36.842105,47.368421,15.789474,844.4,46.25,4.26,25.28,144,156.25,6.74,-10.77,8.42,-27.61
Mg7Zn9Ca4,7,9,4,35,45,20,857.9,45.95,4.13,25.32,146.8,158.32,6.5,-12.12,8.71,-29.55
Mg7Zn9Ca5,7,9,5,33.333333,42.857143,23.809524,870.1,45.67,4,25.35,149.33,160.19,6.29,-13.17,8.9,-30.97
Mg7Zn9Ca6,7,9,6,31.818182,40.909091,27.272727,881.3,45.41,3.89,25.37,151.64,161.89,6.09,-13.98,9.01,-32.01
Mg7Zn9Ca7,7,9,7,30.434783,39.130435,30.434783,891.4,45.18,3.79,25.4,153.74,163.44,5.91,-14.61,9.07,-32.75
Mg7Zn9Ca8,7,9,8,29.166667,37.5,33.333333,900.8,44.97,3.69,25.42,155.67,164.86,5.75,-15.08,9.09,-33.26
Mg7Zn9Ca9,7,9,9,28,36,36,909.3,44.77,3.61,25.44,157.44,166.17,5.6,-15.44,9.07,-33.59
Mg7Zn9Ca10,7,9,10,26.923077,34.615385,38.461538,917.2,44.59,3.53,25.46,159.08,167.38,5.46,-15.69,9.04,-33.78
Mg7Zn10Ca1,7,10,1,38.888889,55.555556,5.555556,805.9,48,4.73,25.22,136.22,150.72,7.56,-6.69,7.1,-20.89
Mg7Zn10Ca2,7,10,2,36.842105,52.631579,10.526316,822.2,47.59,4.56,25.26,139.58,153.19,7.26,-8.91,7.83,-24.58
Mg7Zn10Ca3,7,10,3,35,50,15,836.8,47.21,4.41,25.29,142.6,155.41,7,-10.66,8.3,-27.26
Mg7Zn10Ca4,7,10,4,33.333333,47.619048,19.047619,850,46.87,4.27,25.32,145.33,157.42,6.76,-12.05,8.6,-29.25
Mg7Zn10Ca5,7,10,5,31.818182,45.454545,22.727273,862.1,46.56,4.15,25.35,147.82,159.25,6.55,-13.14,8.8,-30.75
Mg7Zn10Ca6,7,10,6,30.434783,43.478261,26.086957,873.1,46.28,4.03,25.37,150.09,160.91,6.35,-14,8.93,-31.87
Mg7Zn10Ca7,7,10,7,29.166667,41.666667,29.166667,883.2,46.02,3.93,25.4,152.17,162.44,6.17,-14.68,9,-32.69
Mg7Zn10Ca8,7,10,8,28,40,32,892.4,45.78,3.83,25.42,154.08,163.85,6,-15.21,9.04,-33.28
Mg7Zn10Ca9,7,10,9,26.923077,38.461538,34.615385,901,45.56,3.74,25.44,155.85,165.15,5.85,-15.61,9.04,-33.69
Mg7Zn10Ca10,7,10,10,25.925926,37.037037,37.037037,908.9,45.36,3.66,25.46,157.48,166.35,5.7,-15.91,9.02,-33.96
Mg8Zn1Ca1,8,1,1,80,10,10,919.2,29.99,2.26,25.03,156.4,161.81,3,-4.08,5.31,-14.7
Mg8Zn1Ca2,8,1,2,72.727273,9.090909,18.181818,937,30.91,2.19,25.11,160.36,165.06,2.91,-5.69,6.31,-18.31
Mg8Zn1Ca3,8,1,3,66.666667,8.333333,25,951.8,31.67,2.14,25.18,163.67,167.77,2.83,-6.72,6.85,-20.42
Mg8Zn1Ca4,8,1,4,61.538462,7.692308,30.769231,964.4,32.32,2.09,25.24,166.46,170.07,2.77,-7.38,7.14,-21.66
Mg8Zn1Ca5,8,1,5,57.142857,7.142857,35.714286,975.1,32.88,2.05,25.29,168.86,172.03,2.71,-7.8,7.28,-22.36
Mg8Zn1Ca6,8,1,6,53.333333,6.666667,40,984.5,33.36,2.02,25.33,170.93,173.74,2.67,-8.04,7.33,-22.7
Mg8Zn1Ca7,8,1,7,50,6.25,43.75,992.6,33.78,1.99,25.37,172.75,175.23,2.62,-8.16,7.33,-22.81
Mg8Zn1Ca8,8,1,8,47.058824,5.882353,47.058824,999.8,34.15,1.96,25.4,174.35,176.55,2.59,-8.19,7.28,-22.75
Mg8Zn1Ca9,8,1,9,44.444444,5.555556,50,1006.2,34.48,1.94,25.43,175.78,177.72,2.56,-8.17,7.21,-22.59
Mg8Zn1Ca10,8,1,10,42.105263,5.263158,52.631579,1011.9,34.77,1.91,25.46,177.05,178.76,2.53,-8.11,7.12,-22.35
Mg8Zn2Ca1,8,2,1,72.727273,18.181818,9.090909,898.6,33.21,2.7,25.06,152.73,159.78,3.82,-5.16,6.31,-17.78
Mg8Zn2Ca2,8,2,2,66.666667,16.666667,16.666667,916.7,33.78,2.6,25.13,156.67,162.93,3.67,-6.89,7.21,-21.31
Mg8Zn2Ca3,8,2,3,61.538462,15.384615,23.076923,931.9,34.27,2.52,25.19,160,165.6,3.54,-8.05,7.69,-23.42
Mg8Zn2Ca4,8,2,4,57.142857,14.285714,28.571429,945,34.68,2.45,25.25,162.86,167.88,3.43,-8.82,7.94,-24.7
Mg8Zn2Ca5,8,2,5,53.333333,13.333333,33.333333,956.3,35.04,2.39,25.29,165.33,169.86,3.33,-9.32,8.06,-25.44
Mg8Zn2Ca6,8,2,6,50,12.5,37.5,966.2,35.36,2.34,25.33,167.5,171.6,3.25,-9.62,8.1,-25.82
Mg8Zn2Ca7,8,2,7,47.058824,11.764706,41.176471,975,35.64,2.29,25.37,169.41,173.13,3.18,-9.8,8.08,-25.95
Mg8Zn2Ca8,8,2,8,44.444444,11.111111,44.444444,982.8,35.88,2.25,25.4,171.11,174.49,3.11,-9.88,8.02,-25.91
Mg8Zn2Ca9,8,2,9,42.105263,10.526316,47.368421,989.7,36.1,2.21,25.43,172.63,175.7,3.05,-9.88,7.94,-25.76
Mg8Zn2Ca10,8,2,10,40,10,50,996,36.3,2.17,25.45,174,176.8,3,-9.84,7.84,-25.52
Mg8Zn3Ca1,8,3,1,66.666667,25,8.333333,881.5,35.89,3.07,25.09,149.67,158.08,4.5,-5.83,6.85,-19.53
Mg8Zn3Ca2,8,3,2,61.538462,23.076923,15.384615,899.5,36.21,2.95,25.15,153.54,161.12,4.31,-7.67,7.69,-23.04
Mg8Zn3Ca3,8,3,3,57.142857,21.428571,21.428571,914.9,36.49,2.85,25.21,156.86,163.73,4.14,-8.94,8.14,-25.23
Mg8Zn3Ca4,8,3,4,53.333333,20,26.666667,928.2,36.73,2.76,25.26,159.73,165.99,4,-9.81,8.39,-26.59
Mg8Zn3Ca5,8,3,5,50,18.75,31.25,939.9,36.94,2.69,25.3,162.25,167.96,3.88,-10.41,8.51,-27.42
Mg8Zn3Ca6,8,3,6,47.058824,17.647059,35.294118,950.2,37.12,2.62,25.34,164.47,169.71,3.76,-10.8,8.55,-27.89
Mg8Zn3Ca7,8,3,7,44.444444,16.666667,38.888889,959.3,37.29,2.56,25.37,166.44,171.25,3.67,-11.04,8.53,-28.09
Mg8Zn3Ca8,8,3,8,42.105263,15.789474,42.105263,967.5,37.43,2.5,25.4,168.21,172.64,3.58,-11.17,8.48,-28.12
Mg8Zn3Ca9,8,3,9,40,15,45,974.9,37.57,2.46,25.43,169.8,173.89,3.5,-11.22,8.4,-28.01
Mg8Zn3Ca10,8,3,10,38.095238,14.285714,47.619048,981.6,37.69,2.41,25.45,171.24,175.02,3.43,-11.21,8.3,-27.81
Mg8Zn4Ca1,8,4,1,61.538462,30.769231,7.692308,867,38.16,3.39,25.11,147.08,156.65,5.08,-6.25,7.14,-20.52
Mg8Zn4Ca2,8,4,2,57.142857,28.571429,14.285714,884.7,38.3,3.25,25.17,150.86,159.57,4.86,-8.16,7.94,-24.05
Mg8Zn4Ca3,8,4,3,53.333333,26.666667,20,900.1,38.42,3.14,25.22,154.13,162.11,4.67,-9.53,8.39,-26.31
Mg8Zn4Ca4,8,4,4,50,25,25,913.5,38.52,3.04,25.27,157,164.33,4.5,-10.5,8.64,-27.78
Mg8Zn4Ca5,8,4,5,47.058824,23.529412,29.411765,925.4,38.61,2.95,25.3,159.53,166.28,4.35,-11.18,8.77,-28.72
Mg8Zn4Ca6,8,4,6,44.444444,22.222222,33.333333,935.9,38.69,2.87,25.34,161.78,168.02,4.22,-11.65,8.82,-29.29
Mg8Zn4Ca7,8,4,7,42.105263,21.052632,36.842105,945.3,38.77,2.8,25.37,163.79,169.58,4.11,-11.97,8.81,-29.59
Mg8Zn4Ca8,8,4,8,40,20,40,953.8,38.83,2.74,25.4,165.6,170.98,4,-12.16,8.77,-29.69
Mg8Zn4Ca9,8,4,9,38.095238,19.047619,42.857143,961.5,38.89,2.68,25.42,167.24,172.25,3.9,-12.26,8.7,-29.66
Mg8Zn4Ca10,8,4,10,36.363636,18.181818,45.454545,968.5,38.95,2.63,25.45,168.73,173.4,3.82,-12.3,8.61,-29.52
Mg8Zn5Ca1,8,5,1,57.142857,35.714286,7.142857,854.6,40.1,3.65,25.13,144.86,155.42,5.57,-6.49,7.28,-21.05
Mg8Zn5Ca2,8,5,2,53.333333,33.333333,13.333333,871.9,40.1,3.51,25.18,148.53,158.23,5.33,-8.46,8.06,-24.59
Mg8Zn5Ca3,8,5,3,50,31.25,18.75,887.1,40.1,3.39,25.23,151.75,160.69,5.12,-9.91,8.51,-26.92
Mg8Zn5Ca4,8,5,4,47.058824,29.411765,23.529412,900.5,40.1,3.28,25.27,154.59,162.86,4.94,-10.96,8.77,-28.5
Mg8Zn5Ca5,8,5,5,44.444444,27.777778,27.777778,912.4,40.1,3.18,25.31,157.11,164.79,4.78,-11.73,8.91,-29.55
Mg8Zn5Ca6,8,5,6,42.105263,26.315789,31.578947,923.1,40.1,3.09,25.34,159.37,166.52,4.63,-12.28,8.97,-30.22
Mg8Zn5Ca7,8,5,7,40,25,35,932.7,40.1,3.02,25.37,161.4,168.07,4.5,-12.66,8.98,-30.62
Mg8Zn5Ca8,8,5,8,38.095238,23.809524,38.095238,941.4,40.1,2.95,25.4,163.24,169.48,4.38,-12.92,8.95,-30.82
Mg8Zn5Ca9,8,5,9,36.363636,22.727273,40.909091,949.3,40.1,2.88,25.42,164.91,170.76,4.27,-13.07,8.89,-30.86
Mg8Zn5Ca10,8,5,10,34.782609,21.73913,43.478261,956.5,40.09,2.82,25.44,166.43,171.93,4.17,-13.16,8.82,-30.79
Mg8Zn6Ca1,8,6,1,53.333333,40,6.666667,843.8,41.79,3.89,25.15,142.93,154.36,6,-6.61,7.33,-21.28
Mg8Zn6Ca2,8,6,2,50,37.5,12.5,860.8,41.68,3.74,25.2,146.5,157.06,5.75,-8.62,8.1,-24.82
Mg8Zn6Ca3,8,6,3,47.058824,35.294118,17.647059,875.7,41.59,3.61,25.24,149.65,159.44,5.53,-10.13,8.55,-27.22
Mg8Zn6Ca4,8,6,4,44.444444,33.333333,22.222222,889,41.5,3.49,25.28,152.44,161.56,5.33,-11.26,8.82,-28.89
Mg8Zn6Ca5,8,6,5,42.105263,31.578947,26.315789,900.9,41.43,3.39,25.31,154.95,163.46,5.16,-12.1,8.97,-30.04
Mg8Zn6Ca6,8,6,6,40,30,30,911.6,41.36,3.3,25.34,157.2,165.17,5,-12.72,9.05,-30.82
Mg8Zn6Ca7,8,6,7,38.095238,28.571429,33.333333,921.3,41.3,3.21,25.37,159.24,166.71,4.86,-13.17,9.07,-31.32
Mg8Zn6Ca8,8,6,8,36.363636,27.272727,36.363636,930.1,41.25,3.14,25.4,161.09,168.12,4.73,-13.49,9.06,-31.6
Mg8Zn6Ca9,8,6,9,34.782609,26.086957,39.130435,938.1,41.19,3.07,25.42,162.78,169.4,4.61,-13.7,9.02,-31.73
Mg8Zn6Ca10,8,6,10,33.333333,25,41.666667,945.5,41.15,3,25.44,164.33,170.57,4.5,-13.83,8.95,-31.74
Mg8Zn7Ca1,8,7,1,50,43.75,6.25,834.4,43.26,4.09,25.16,141.25,153.42,6.38,-6.66,7.33,-21.31
Mg8Zn7Ca2,8,7,2,47.058824,41.176471,11.764706,850.9,43.08,3.94,25.21,144.71,156.02,6.12,-8.69,8.08,-24.84
Mg8Zn7Ca3,8,7,3,44.444444,38.888889,16.666667,865.6,42.91,3.8,25.25,147.78,158.33,5.89,-10.25,8.53,-27.3
Mg8Zn7Ca4,8,7,4,42.105263,36.842105,21.052632,878.7,42.76,3.69,25.28,150.53,160.4,5.68,-11.43,8.81,-29.05
Mg8Zn7Ca5,8,7,5,40,35,25,890.5,42.63,3.58,25.32,153,162.26,5.5,-12.34,8.98,-30.3
Mg8Zn7Ca6,8,7,6,38.095238,33.333333,28.571429,901.2,42.51,3.48,25.35,155.24,163.94,5.33,-13.02,9.07,-31.17
Mg8Zn7Ca7,8,7,7,36.363636,31.818182,31.818182,910.9,42.4,3.39,25.37,157.27,165.47,5.18,-13.54,9.11,-31.76
Mg8Zn7Ca8,8,7,8,34.782609,30.434783,34.782609,919.8,42.29,3.31,25.4,159.13,166.87,5.04,-13.91,9.11,-32.14
Mg8Zn7Ca9,8,7,9,33.333333,29.166667,37.5,927.9,42.2,3.24,25.42,160.83,168.15,4.92,-14.18,9.09,-32.35
Mg8Zn7Ca10,8,7,10,32,28,40,935.4,42.12,3.17,25.44,162.4,169.33,4.8,-14.36,9.04,-32.44
Mg8Zn8Ca1,8,8,1,47.058824,47.058824,5.882353,826.1,44.56,4.27,25.18,139.76,152.6,6.71,-6.64,7.28,-21.2
Mg8Zn8Ca2,8,8,2,44.444444,44.444444,11.111111,842.1,44.32,4.12,25.22,143.11,155.1,6.44,-8.69,8.02,-24.73
Mg8Zn8Ca3,8,8,3,42.105263,42.105263,15.789474,856.5,44.09,3.98,25.26,146.11,157.34,6.21,-10.28,8.48,-27.23
Mg8Zn8Ca4,8,8,4,40,40,20,869.4,43.89,3.86,25.29,148.8,159.35,6,-11.52,8.77,-29.05
Mg8Zn8Ca5,8,8,5,38.095238,38.095238,23.809524,881.1,43.71,3.75,25.32,151.24,161.17,5.81,-12.48,8.95,-30.38
Mg8Zn8Ca6,8,8,6,36.363636,36.363636,27.272727,891.7,43.55,3.65,25.35,153.45,162.83,5.64,-13.22,9.06,-31.34
Mg8Zn8Ca7,8,8,7,34.782609,34.782609,30.434783,901.4,43.39,3.55,25.37,155.48,164.34,5.48,-13.79,9.11,-32.02
Mg8Zn8Ca8,8,8,8,33.333333,33.333333,33.333333,910.3,43.26,3.47,25.4,157.33,165.73,5.33,-14.22,9.13,-32.48
Mg8Zn8Ca9,8,8,9,32,32,36,918.5,43.13,3.39,25.42,159.04,167,5.2,-14.54,9.12,-32.77
Mg8Zn8Ca10,8,8,10,30.769231,30.769231,38.461538,926.1,43.01,3.32,25.44,160.62,168.18,5.08,-14.77,9.08,-32.93
Mg8Zn9Ca1,8,9,1,44.444444,50,5.555556,818.7,45.72,4.43,25.19,138.44,151.87,7,-6.59,7.21,-21.01
Mg8Zn9Ca2,8,9,2,42.105263,47.368421,10.526316,834.3,45.42,4.28,25.23,141.68,154.28,6.74,-8.64,7.94,-24.52
Mg8Zn9Ca3,8,9,3,40,45,15,848.3,45.16,4.14,25.26,144.6,156.44,6.5,-10.26,8.4,-27.05
Mg8Zn9Ca4,8,9,4,38.095238,42.857143,19.047619,861,44.92,4.01,25.29,147.24,158.4,6.29,-11.54,8.7,-28.93
Mg8Zn9Ca5,8,9,5,36.363636,40.909091,22.727273,872.5,44.7,3.9,25.32,149.64,160.19,6.09,-12.55,8.89,-30.33
Mg8Zn9Ca6,8,9,6,34.782609,39.130435,26.086957,883.1,44.49,3.8,25.35,151.83,161.81,5.91,-13.34,9.02,-31.37
Mg8Zn9Ca7,8,9,7,33.333333,37.5,29.166667,892.8,44.31,3.7,25.37,153.83,163.3,5.75,-13.96,9.09,-32.13
Mg8Zn9Ca8,8,9,8,32,36,32,901.6,44.14,3.62,25.4,155.68,164.68,5.6,-14.44,9.12,-32.67
Mg8Zn9Ca9,8,9,9,30.769231,34.615385,34.615385,909.8,43.99,3.54,25.42,157.38,165.94,5.46,-14.8,9.12,-33.04
Mg8Zn9Ca10,8,9,10,29.62963,33.333333,37.037037,917.4,43.84,3.46,25.44,158.96,167.11,5.33,-15.08,9.1,-33.27
Mg8Zn10Ca1,8,10,1,42.105263,52.631579,5.263158,812.1,46.76,4.57,25.2,137.26,151.22,7.26,-6.52,7.12,-20.76
Mg8Zn10Ca2,8,10,2,40,50,10,827.2,46.42,4.42,25.24,140.4,153.54,7,-8.56,7.84,-24.24
Mg8Zn10Ca3,8,10,3,38.095238,47.619048,14.285714,840.9,46.12,4.28,25.27,143.24,155.64,6.76,-10.2,8.3,-26.8
Mg8Zn10Ca4,8,10,4,36.363636,45.454545,18.181818,853.4,45.85,4.16,25.3,145.82,157.54,6.55,-11.5,8.61,-28.73
Mg8Zn10Ca5,8,10,5,34.782609,43.478261,21.73913,864.7,45.59,4.04,25.33,148.17,159.28,6.35,-12.55,8.82,-30.19
Mg8Zn10Ca6,8,10,6,33.333333,41.666667,25,875.2,45.36,3.94,25.35,150.33,160.88,6.17,-13.39,8.95,-31.3
Mg8Zn10Ca7,8,10,7,32,40,28,884.8,45.15,3.84,25.37,152.32,162.35,6,-14.05,9.04,-32.13
Mg8Zn10Ca8,8,10,8,30.769231,38.461538,30.769231,893.6,44.96,3.75,25.4,154.15,163.71,5.85,-14.58,9.08,-32.74
Mg8Zn10Ca9,8,10,9,29.62963,37.037037,33.333333,901.8,44.78,3.67,25.42,155.85,164.96,5.7,-14.99,9.1,-33.18
Mg8Zn10Ca10,8,10,10,28.571429,35.714286,35.714286,909.4,44.61,3.59,25.43,157.43,166.13,5.57,-15.31,9.09,-33.48
Mg9Zn1Ca1,9,1,1,81.818182,9.090909,9.090909,919.5,29.48,2.21,25.01,156.36,161.66,2.91,-3.7,4.99,-13.68
Mg9Zn1Ca2,9,1,2,75,8.333333,16.666667,935.8,30.36,2.15,25.09,160,164.65,2.83,-5.22,6,-17.21
Mg9Zn1Ca3,9,1,3,69.230769,7.692308,23.076923,949.6,31.11,2.11,25.15,163.08,167.19,2.77,-6.25,6.57,-19.38
Mg9Zn1Ca4,9,1,4,64.285714,7.142857,28.571429,961.4,31.75,2.07,25.21,165.71,169.36,2.71,-6.94,6.9,-20.74
Mg9Zn1Ca5,9,1,5,60,6.666667,33.333333,971.7,32.3,2.03,25.26,168,171.24,2.67,-7.4,7.09,-21.58
Mg9Zn1Ca6,9,1,6,56.25,6.25,37.5,980.6,32.79,2,25.3,170,172.89,2.62,-7.69,7.19,-22.06
Mg9Zn1Ca7,9,1,7,52.941176,5.882353,41.176471,988.5,33.22,1.97,25.34,171.76,174.34,2.59,-7.86,7.22,-22.3
Mg9Zn1Ca8,9,1,8,50,5.555556,44.444444,995.6,33.6,1.95,25.37,173.33,175.63,2.56,-7.95,7.21,-22.37
Mg9Zn1Ca9,9,1,9,47.368421,5.263158,47.368421,1001.8,33.94,1.92,25.4,174.74,176.79,2.53,-7.98,7.17,-22.32
Mg9Zn1Ca10,9,1,10,45,5,50,1007.5,34.25,1.91,25.43,176,177.83,2.5,-7.96,7.11,-22.18
Mg9Zn2Ca1,9,2,1,75,16.666667,8.333333,900.7,32.47,2.62,25.04,153,159.81,3.67,-4.72,6,-16.71
Mg9Zn2Ca2,9,2,2,69.230769,15.384615,15.384615,917.2,33.05,2.54,25.11,156.62,162.71,3.54,-6.34,6.9,-20.15
Mg9Zn2Ca3,9,2,3,64.285714,14.285714,21.428571,931.3,33.56,2.47,25.17,159.71,165.21,3.43,-7.47,7.41,-22.3
Mg9Zn2Ca4,9,2,4,60,13.333333,26.666667,943.5,33.99,2.4,25.22,162.4,167.36,3.33,-8.25,7.71,-23.67
Mg9Zn2Ca5,9,2,5,56.25,12.5,31.25,954.2,34.37,2.35,25.27,164.75,169.25,3.25,-8.78,7.87,-24.52
Mg9Zn2Ca6,9,2,6,52.941176,11.764706,35.294118,963.7,34.71,2.3,25.31,166.82,170.92,3.18,-9.13,7.94,-25.02
Mg9Zn2Ca7,9,2,7,50,11.111111,38.888889,972.1,35.01,2.26,25.34,168.67,172.4,3.11,-9.36,7.96,-25.28
Mg9Zn2Ca8,9,2,8,47.368421,10.526316,42.105263,979.6,35.27,2.22,25.37,170.32,173.73,3.05,-9.48,7.94,-25.36
Mg9Zn2Ca9,9,2,9,45,10,45,986.4,35.51,2.19,25.4,171.8,174.92,3,-9.54,7.89,-25.31
Mg9Zn2Ca10,9,2,10,42.857143,9.52381,47.619048,992.5,35.73,2.15,25.42,173.14,176,2.95,-9.54,7.81,-25.17
Mg9Zn3Ca1,9,3,1,69.230769,23.076923,7.692308,884.7,35,2.97,25.07,150.15,158.24,4.31,-5.4,6.57,-18.53
Mg9Zn3Ca2,9,3,2,64.285714,21.428571,14.285714,901.1,35.36,2.87,25.13,153.71,161.05,4.14,-7.1,7.41,-21.93
Mg9Zn3Ca3,9,3,3,60,20,20,915.4,35.68,2.78,25.19,156.8,163.49,4,-8.32,7.9,-24.11
Mg9Zn3Ca4,9,3,4,56.25,18.75,25,927.9,35.95,2.7,25.23,159.5,165.62,3.88,-9.19,8.18,-25.54
Mg9Zn3Ca5,9,3,5,52.941176,17.647059,29.411765,938.9,36.2,2.63,25.27,161.88,167.5,3.76,-9.8,8.33,-26.47
Mg9Zn3Ca6,9,3,6,50,16.666667,33.333333,948.7,36.41,2.57,25.31,164,169.17,3.67,-10.22,8.4,-27.03
Mg9Zn3Ca7,9,3,7,47.368421,15.789474,36.842105,957.4,36.6,2.52,25.34,165.89,170.67,3.58,-10.5,8.42,-27.34
Mg9Zn3Ca8,9,3,8,45,15,40,965.3,36.78,2.47,25.37,167.6,172.02,3.5,-10.68,8.4,-27.47
Mg9Zn3Ca9,9,3,9,42.857143,14.285714,42.857143,972.4,36.94,2.42,25.4,169.14,173.23,3.43,-10.78,8.35,-27.47
Mg9Zn3Ca10,9,3,10,40.909091,13.636364,45.454545,978.9,37.08,2.38,25.42,170.55,174.34,3.36,-10.81,8.27,-27.36
Mg9Zn4Ca1,9,4,1,64.285714,28.571429,7.142857,871,37.17,3.27,25.09,147.71,156.9,4.86,-5.84,6.9,-19.64
Mg9Zn4Ca2,9,4,2,60,26.666667,13.333333,887.3,37.36,3.15,25.15,151.2,159.61,4.67,-7.61,7.71,-23.03
Mg9Zn4Ca3,9,4,3,56.25,25,18.75,901.5,37.53,3.05,25.2,154.25,161.99,4.5,-8.91,8.18,-25.26
Mg9Zn4Ca4,9,4,4,52.941176,23.529412,23.529412,914.1,37.68,2.96,25.24,156.94,164.08,4.35,-9.85,8.46,-26.77
Mg9Zn4Ca5,9,4,5,50,22.222222,27.777778,925.2,37.82,2.88,25.28,159.33,165.94,4.22,-10.54,8.61,-27.77
Mg9Zn4Ca6,9,4,6,47.368421,21.052632,31.578947,935.2,37.94,2.81,25.31,161.47,167.61,4.11,-11.04,8.69,-28.42
Mg9Zn4Ca7,9,4,7,45,20,35,944.2,38.04,2.75,25.35,163.4,169.11,4,-11.38,8.71,-28.81
Mg9Zn4Ca8,9,4,8,42.857143,19.047619,38.095238,952.3,38.14,2.69,25.37,165.14,170.47,3.9,-11.61,8.7,-29.01
Mg9Zn4Ca9,9,4,9,40.909091,18.181818,40.909091,959.7,38.23,2.64,25.4,166.73,171.7,3.82,-11.75,8.65,-29.06
Mg9Zn4Ca10,9,4,10,39.130435,17.391304,43.478261,966.5,38.31,2.59,25.42,168.17,172.82,3.74,-11.83,8.59,-29
Mg9Zn5Ca1,9,5,1,60,33.333333,6.666667,859.1,39.05,3.53,25.11,145.6,155.73,5.33,-6.12,7.09,-20.3
Mg9Zn5Ca2,9,5,2,56.25,31.25,12.5,875.1,39.12,3.4,25.16,149,158.35,5.12,-7.94,7.87,-23.68
Mg9Zn5Ca3,9,5,3,52.941176,29.411765,17.647059,889.2,39.17,3.29,25.21,152,160.66,4.94,-9.3,8.33,-25.97
Mg9Zn5Ca4,9,5,4,50,27.777778,22.222222,901.8,39.22,3.19,25.25,154.67,162.71,4.78,-10.32,8.61,-27.55
Mg9Zn5Ca5,9,5,5,47.368421,26.315789,26.315789,913,39.27,3.11,25.29,157.05,164.55,4.63,-11.08,8.78,-28.64
Mg9Zn5Ca6,9,5,6,45,25,30,923.1,39.31,3.03,25.32,159.2,166.2,4.5,-11.64,8.87,-29.38
Mg9Zn5Ca7,9,5,7,42.857143,23.809524,33.333333,932.2,39.35,2.96,25.35,161.14,167.7,4.38,-12.05,8.9,-29.85
Mg9Zn5Ca8,9,5,8,40.909091,22.727273,36.363636,940.5,39.38,2.89,25.37,162.91,169.06,4.27,-12.33,8.89,-30.12
Mg9Zn5Ca9,9,5,9,39.130435,21.73913,39.130435,948.1,39.41,2.83,25.4,164.52,170.3,4.17,-12.52,8.86,-30.24
Mg9Zn5Ca10,9,5,10,37.5,20.833333,41.666667,955.1,39.44,2.78,25.42,166,171.43,4.08,-12.64,8.8,-30.25
Mg9Zn6Ca1,9,6,1,56.25,37.5,6.25,848.8,40.7,3.75,25.13,143.75,154.72,5.75,-6.28,7.19,-20.65
Mg9Zn6Ca2,9,6,2,52.941176,35.294118,11.764706,864.4,40.66,3.62,25.18,147.06,157.24,5.53,-8.14,7.94,-24.03
Mg9Zn6Ca3,9,6,3,50,33.333333,16.666667,878.3,40.63,3.5,25.22,150,159.48,5.33,-9.56,8.4,-26.37
Mg9Zn6Ca4,9,6,4,47.368421,31.578947,21.052632,890.8,40.6,3.4,25.26,152.63,161.49,5.16,-10.64,8.69,-28.02
Mg9Zn6Ca5,9,6,5,45,30,25,902,40.57,3.31,25.29,155,163.29,5,-11.46,8.87,-29.2
Mg9Zn6Ca6,9,6,6,42.857143,28.571429,28.571429,912.1,40.55,3.22,25.32,157.14,164.93,4.86,-12.08,8.97,-30.01
Mg9Zn6Ca7,9,6,7,40.909091,27.272727,31.818182,921.4,40.53,3.15,25.35,159.09,166.41,4.73,-12.55,9.01,-30.57
Mg9Zn6Ca8,9,6,8,39.130435,26.086957,34.782609,929.8,40.51,3.08,25.37,160.87,167.77,4.61,-12.88,9.02,-30.92
Mg9Zn6Ca9,9,6,9,37.5,25,37.5,937.5,40.49,3.01,25.4,162.5,169.01,4.5,-13.12,8.99,-31.11
Mg9Zn6Ca10,9,6,10,36,24,40,944.6,40.47,2.95,25.42,164,170.15,4.4,-13.29,8.95,-31.18
Mg9Zn7Ca1,9,7,1,52.941176,41.176471,5.882353,839.6,42.15,3.95,25.15,142.12,153.82,6.12,-6.37,7.22,-20.81
Mg9Zn7Ca2,9,7,2,50,38.888889,11.111111,854.9,42.03,3.82,25.19,145.33,156.25,5.89,-8.25,7.96,-24.17
Mg9Zn7Ca3,9,7,3,47.368421,36.842105,15.789474,868.6,41.93,3.7,25.23,148.21,158.43,5.68,-9.71,8.42,-26.55
Mg9Zn7Ca4,9,7,4,45,35,20,880.9,41.84,3.59,25.26,150.8,160.39,5.5,-10.84,8.71,-28.27
Mg9Zn7Ca5,9,7,5,42.857143,33.333333,23.809524,892,41.75,3.49,25.3,153.14,162.16,5.33,-11.72,8.9,-29.52
Mg9Zn7Ca6,9,7,6,40.909091,31.818182,27.272727,902.2,41.68,3.4,25.32,155.27,163.77,5.18,-12.4,9.01,-30.42
Mg9Zn7Ca7,9,7,7,39.130435,30.434783,30.434783,911.4,41.61,3.32,25.35,157.22,165.24,5.04,-12.91,9.07,-31.05
Mg9Zn7Ca8,9,7,8,37.5,29.166667,33.333333,919.9,41.55,3.25,25.38,159,166.59,4.92,-13.31,9.09,-31.48
Mg9Zn7Ca9,9,7,9,36,28,36,927.7,41.49,3.18,25.4,160.64,167.83,4.8,-13.59,9.07,-31.74
Mg9Zn7Ca10,9,7,10,34.615385,26.923077,38.461538,934.9,41.43,3.11,25.42,162.15,168.97,4.69,-13.8,9.04,-31.88
Mg9Zn8Ca1,9,8,1,50,44.444444,5.555556,831.4,43.44,4.13,25.16,140.67,153.02,6.44,-6.4,7.21,-20.81
Mg9Zn8Ca2,9,8,2,47.368421,42.105263,10.526316,846.4,43.26,3.99,25.2,143.79,155.37,6.21,-8.29,7.94,-24.16
Mg9Zn8Ca3,9,8,3,45,40,15,859.8,43.1,3.87,25.24,146.6,157.48,6,-9.78,8.4,-26.57
Mg9Zn8Ca4,9,8,4,42.857143,38.095238,19.047619,872,42.96,3.76,25.27,149.14,159.39,5.81,-10.96,8.7,-28.35
Mg9Zn8Ca5,9,8,5,40.909091,36.363636,22.727273,883,42.83,3.66,25.3,151.45,161.13,5.64,-11.88,8.89,-29.67
Mg9Zn8Ca6,9,8,6,39.130435,34.782609,26.086957,893.1,42.71,3.56,25.33,153.57,162.71,5.48,-12.61,9.02,-30.65
Mg9Zn8Ca7,9,8,7,37.5,33.333333,29.166667,902.3,42.6,3.48,25.35,155.5,164.17,5.33,-13.18,9.09,-31.35
Mg9Zn8Ca8,9,8,8,36,32,32,910.8,42.5,3.4,25.38,157.28,165.5,5.2,-13.62,9.12,-31.85
Mg9Zn8Ca9,9,8,9,34.615385,30.769231,34.615385,918.7,42.41,3.33,25.4,158.92,166.74,5.08,-13.95,9.12,-32.19
Mg9Zn8Ca10,9,8,10,33.333333,29.62963,37.037037,926,42.32,3.26,25.42,160.44,167.88,4.96,-14.2,9.1,-32.39
Mg9Zn9Ca1,9,9,1,47.368421,47.368421,5.263158,824.2,44.59,4.29,25.17,139.37,152.31,6.74,-6.38,7.17,-20.72
Mg9Zn9Ca2,9,9,2,45,45,10,838.7,44.37,4.15,25.21,142.4,154.57,6.5,-8.28,7.89,-24.05
Mg9Zn9Ca3,9,9,3,42.857143,42.857143,14.285714,851.9,44.16,4.02,25.24,145.14,156.62,6.29,-9.8,8.35,-26.49
Mg9Zn9Ca4,9,9,4,40.909091,40.909091,18.181818,863.8,43.98,3.91,25.28,147.64,158.48,6.09,-11.01,8.65,-28.31
Mg9Zn9Ca5,9,9,5,39.130435,39.130435,21.73913,874.7,43.81,3.81,25.3,149.91,160.18,5.91,-11.98,8.86,-29.7
Mg9Zn9Ca6,9,9,6,37.5,37.5,25,884.8,43.65,3.71,25.33,152,161.74,5.75,-12.75,8.99,-30.74
Mg9Zn9Ca7,9,9,7,36,36,28,894,43.51,3.63,25.35,153.92,163.18,5.6,-13.36,9.07,-31.51
Mg9Zn9Ca8,9,9,8,34.615385,34.615385,30.769231,902.5,43.38,3.54,25.38,155.69,164.5,5.46,-13.85,9.12,-32.08
Mg9Zn9Ca9,9,9,9,33.333333,33.333333,33.333333,910.3,43.26,3.47,25.4,157.33,165.73,5.33,-14.22,9.13,-32.48
Mg9Zn9Ca10,9,9,10,32.142857,32.142857,35.714286,917.6,43.14,3.4,25.42,158.86,166.87,5.21,-14.51,9.12,-32.75
Mg9Zn10Ca1,9,10,1,45,50,5,817.6,45.63,4.43,25.18,138.2,151.66,7,-6.34,7.11,-20.56
Mg9Zn10Ca2,9,10,2,42.857143,47.619048,9.52381,831.8,45.37,4.29,25.22,141.14,153.85,6.76,-8.24,7.81,-23.87
Mg9Zn10Ca3,9,10,3,40.909091,45.454545,13.636364,844.6,45.13,4.17,25.25,143.82,155.84,6.55,-9.77,8.27,-26.32
Mg9Zn10Ca4,9,10,4,39.130435,43.478261,17.391304,856.4,44.91,4.05,25.28,146.26,157.66,6.35,-11.01,8.59,-28.19
Mg9Zn10Ca5,9,10,5,37.5,41.666667,20.833333,867.2,44.71,3.95,25.31,148.5,159.32,6.17,-12.01,8.8,-29.62
Mg9Zn10Ca6,9,10,6,36,40,24,877.1,44.52,3.85,25.33,150.56,160.85,6,-12.83,8.95,-30.72
Mg9Zn10Ca7,9,10,7,34.615385,38.461538,26.923077,886.2,44.35,3.76,25.36,152.46,162.26,5.85,-13.48,9.04,-31.56
Mg9Zn10Ca8,9,10,8,33.333333,37.037037,29.62963,894.7,44.19,3.68,25.38,154.22,163.57,5.7,-14,9.1,-32.19
Mg9Zn10Ca9,9,10,9,32.142857,35.714286,32.142857,902.6,44.05,3.6,25.4,155.86,164.79,5.57,-14.42,9.12,-32.66
Mg9Zn10Ca10,9,10,10,31.034483,34.482759,34.482759,909.9,43.91,3.53,25.41,157.38,165.92,5.45,-14.74,9.12,-32.98
Mg10Zn1Ca1,10,1,1,83.333333,8.333333,8.333333,919.8,29.05,2.17,25,156.33,161.53,2.83,-3.39,4.7,-12.8
Mg10Zn1Ca2,10,1,2,76.923077,7.692308,15.384615,934.8,29.9,2.12,25.07,159.69,164.3,2.77,-4.83,5.71,-16.25
Mg10Zn1Ca3,10,1,3,71.428571,7.142857,21.428571,947.7,30.62,2.08,25.13,162.57,166.68,2.71,-5.84,6.31,-18.45
Mg10Zn1Ca4,10,1,4,66.666667,6.666667,26.666667,958.9,31.25,2.04,25.19,165.07,168.74,2.67,-6.54,6.68,-19.89
Mg10Zn1Ca5,10,1,5,62.5,6.25,31.25,968.6,31.8,2.01,25.23,167.25,170.55,2.62,-7.03,6.9,-20.83
Mg10Zn1Ca6,10,1,6,58.823529,5.882353,35.294118,977.2,32.29,1.98,25.27,169.18,172.14,2.59,-7.36,7.03,-21.43
Mg10Zn1Ca7,10,1,7,55.555556,5.555556,38.888889,984.9,32.72,1.96,25.31,170.89,173.55,2.56,-7.58,7.1,-21.78
Mg10Zn1Ca8,10,1,8,52.631579,5.263158,42.105263,991.7,33.11,1.94,25.34,172.42,174.82,2.53,-7.71,7.12,-21.96
Mg10Zn1Ca9,10,1,9,50,5,45,997.9,33.46,1.92,25.37,173.8,175.96,2.5,-7.78,7.11,-22
Mg10Zn1Ca10,10,1,10,47.619048,4.761905,47.619048,1003.5,33.78,1.9,25.4,175.05,176.99,2.48,-7.8,7.08,-21.95
Mg10Zn2Ca1,10,2,1,76.923077,15.384615,7.692308,902.4,31.84,2.55,25.03,153.23,159.83,3.54,-4.36,5.71,-15.77
Mg10Zn2Ca2,10,2,2,71.428571,14.285714,14.285714,917.6,32.43,2.48,25.1,156.57,162.53,3.43,-5.88,6.62,-19.11
Mg10Zn2Ca3,10,2,3,66.666667,13.333333,20,930.7,32.94,2.42,25.15,159.47,164.87,3.33,-6.97,7.15,-21.28
Mg10Zn2Ca4,10,2,4,62.5,12.5,25,942.2,33.39,2.36,25.2,162,166.91,3.25,-7.75,7.48,-22.71
Mg10Zn2Ca5,10,2,5,58.823529,11.764706,29.411765,952.4,33.78,2.31,25.24,164.24,168.72,3.18,-8.3,7.68,-23.66
Mg10Zn2Ca6,10,2,6,55.555556,11.111111,33.333333,961.4,34.13,2.27,25.28,166.22,170.32,3.11,-8.69,7.79,-24.26
Mg10Zn2Ca7,10,2,7,52.631579,10.526316,36.842105,969.5,34.44,2.23,25.32,168,171.76,3.05,-8.95,7.83,-24.62
Mg10Zn2Ca8,10,2,8,50,10,40,976.8,34.73,2.2,25.35,169.6,173.05,3,-9.12,7.84,-24.8
Mg10Zn2Ca9,10,2,9,47.619048,9.52381,42.857143,983.4,34.98,2.16,25.37,171.05,174.22,2.95,-9.22,7.81,-24.84
Mg10Zn2Ca10,10,2,10,45.454545,9.090909,45.454545,989.4,35.21,2.14,25.4,172.36,175.28,2.91,-9.26,7.77,-24.79
Mg10Zn3Ca1,10,3,1,71.428571,21.428571,7.142857,887.4,34.24,2.88,25.06,150.57,158.38,4.14,-5.02,6.31,-17.63
Mg10Zn3Ca2,10,3,2,66.666667,20,13.333333,902.6,34.63,2.79,25.12,153.87,160.99,4,-6.61,7.15,-20.92
Mg10Zn3Ca3,10,3,3,62.5,18.75,18.75,915.9,34.97,2.71,25.17,156.75,163.28,3.88,-7.78,7.66,-23.1
Mg10Zn3Ca4,10,3,4,58.823529,17.647059,23.529412,927.6,35.27,2.64,25.21,159.29,165.3,3.76,-8.64,7.97,-24.57
Mg10Zn3Ca5,10,3,5,55.555556,16.666667,27.777778,938,35.54,2.58,25.25,161.56,167.09,3.67,-9.26,8.15,-25.56
Mg10Zn3Ca6,10,3,6,52.631579,15.789474,31.578947,947.3,35.77,2.53,25.29,163.58,168.7,3.58,-9.71,8.25,-26.21
Mg10Zn3Ca7,10,3,7,50,15,35,955.7,35.99,2.48,25.32,165.4,170.14,3.5,-10.02,8.3,-26.62
Mg10Zn3Ca8,10,3,8,47.619048,14.285714,38.095238,963.3,36.18,2.43,25.35,167.05,171.45,3.43,-10.23,8.3,-26.83
Mg10Zn3Ca9,10,3,9,45.454545,13.636364,40.909091,970.2,36.36,2.39,25.37,168.55,172.64,3.36,-10.36,8.27,-26.91
Mg10Zn3Ca10,10,3,10,43.478261,13.043478,43.478261,976.5,36.52,2.35,25.4,169.91,173.72,3.3,-10.43,8.23,-26.89
Mg10Zn4Ca1,10,4,1,66.666667,26.666667,6.666667,874.5,36.31,3.17,25.08,148.27,157.11,4.67,-5.48,6.68,-18.83
Mg10Zn4Ca2,10,4,2,62.5,25,12.5,889.5,36.55,3.06,25.13,151.5,159.64,4.5,-7.12,7.48,-22.09
Mg10Zn4Ca3,10,4,3,58.823529,23.529412,17.647059,902.8,36.76,2.97,25.18,154.35,161.88,4.35,-8.36,7.97,-24.29
Mg10Zn4Ca4,10,4,4,55.555556,22.222222,22.222222,914.6,36.94,2.89,25.22,156.89,163.86,4.22,-9.28,8.27,-25.82
Mg10Zn4Ca5,10,4,5,52.631579,21.052632,26.315789,925.1,37.11,2.82,25.26,159.16,165.64,4.11,-9.97,8.45,-26.88
Mg10Zn4Ca6,10,4,6,50,20,30,934.6,37.25,2.76,25.29,161.2,167.23,4,-10.48,8.56,-27.59
Mg10Zn4Ca7,10,4,7,47.619048,19.047619,33.333333,943.2,37.39,2.7,25.32,163.05,168.68,3.9,-10.85,8.6,-28.06
Mg10Zn4Ca8,10,4,8,45.454545,18.181818,36.363636,951,37.51,2.65,25.35,164.73,170,3.82,-11.11,8.61,-28.33
Mg10Zn4Ca9,10,4,9,43.478261,17.391304,39.130435,958.1,37.62,2.6,25.38,166.26,171.2,3.74,-11.28,8.59,-28.46
Mg10Zn4Ca10,10,4,10,41.666667,16.666667,41.666667,964.7,37.73,2.55,25.4,167.67,172.3,3.67,-11.39,8.54,-28.48
Mg10Zn5Ca1,10,5,1,62.5,31.25,6.25,863.1,38.13,3.41,25.1,146.25,156.01,5.12,-5.78,6.9,-19.58
Mg10Zn5Ca2,10,5,2,58.823529,29.411765,11.764706,877.9,38.24,3.3,25.15,149.41,158.46,4.94,-7.47,7.68,-22.83
Mg10Zn5Ca3,10,5,3,55.555556,27.777778,16.666667,891.1,38.35,3.21,25.19,152.22,160.63,4.78,-8.77,8.15,-25.07
Mg10Zn5Ca4,10,5,4,52.631579,26.315789,21.052632,902.9,38.44,3.12,25.23,154.74,162.58,4.63,-9.75,8.45,-26.66
Mg10Zn5Ca5,10,5,5,50,25,25,913.5,38.52,3.04,25.27,157,164.33,4.5,-10.5,8.64,-27.78
Mg10Zn5Ca6,10,5,6,47.619048,23.809524,28.571429,923.1,38.59,2.97,25.3,159.05,165.91,4.38,-11.07,8.75,-28.57
Mg10Zn5Ca7,10,5,7,45.454545,22.727273,31.818182,931.8,38.66,2.9,25.33,160.91,167.35,4.27,-11.49,8.8,-29.1
Mg10Zn5Ca8,10,5,8,43.478261,21.73913,34.782609,939.8,38.72,2.84,25.35,162.61,168.67,4.17,-11.8,8.82,-29.43
Mg10Zn5Ca9,10,5,9,41.666667,20.833333,37.5,947.1,38.78,2.79,25.38,164.17,169.87,4.08,-12.01,8.8,-29.62
Mg10Zn5Ca10,10,5,10,40,20,40,953.8,38.83,2.74,25.4,165.6,170.98,4,-12.16,8.77,-29.69
Mg10Zn6Ca1,10,6,1,58.823529,35.294118,5.882353,853.1,39.73,3.63,25.12,144.47,155.04,5.53,-5.98,7.03,-20.05
Mg10Zn6Ca2,10,6,2,55.555556,33.333333,11.111111,867.7,39.75,3.52,25.16,147.56,157.4,5.33,-7.7,7.79,-23.28
Mg10Zn6Ca3,10,6,3,52.631579,31.578947,15.789474,880.7,39.77,3.41,25.2,150.32,159.52,5.16,-9.04,8.25,-25.55
Mg10Zn6Ca4,10,6,4,50,30,20,892.4,39.78,3.32,25.24,152.8,161.42,5,-10.08,8.56,-27.19
Mg10Zn6Ca5,10,6,5,47.619048,28.571429,23.809524,903,39.8,3.23,25.27,155.05,163.14,4.86,-10.88,8.75,-28.38
Mg10Zn6Ca6,10,6,6,45.454545,27.272727,27.272727,912.6,39.81,3.16,25.3,157.09,164.71,4.73,-11.5,8.87,-29.24
Mg10Zn6Ca7,10,6,7,43.478261,26.086957,30.434783,921.4,39.82,3.08,25.33,158.96,166.14,4.61,-11.98,8.93,-29.84
Mg10Zn6Ca8,10,6,8,41.666667,25,33.333333,929.5,39.83,3.02,25.35,160.67,167.45,4.5,-12.33,8.95,-30.24
Mg10Zn6Ca9,10,6,9,40,24,36,936.9,39.84,2.96,25.38,162.24,168.66,4.4,-12.6,8.95,-30.49
Mg10Zn6Ca10,10,6,10,38.461538,23.076923,38.461538,943.8,39.85,2.91,25.4,163.69,169.77,4.31,-12.78,8.92,-30.62
Mg10Zn7Ca1,10,7,1,55.555556,38.888889,5.555556,844.2,41.16,3.83,25.13,142.89,154.17,5.89,-6.1,7.1,-20.3
Mg10Zn7Ca2,10,7,2,52.631579,36.842105,10.526316,858.5,41.1,3.71,25.17,145.89,156.46,5.68,-7.84,7.83,-23.51
Mg10Zn7Ca3,10,7,3,50,35,15,871.3,41.05,3.6,25.21,148.6,158.51,5.5,-9.22,8.3,-25.82
Mg10Zn7Ca4,10,7,4,47.619048,33.333333,19.047619,882.9,41,3.5,25.25,151.05,160.37,5.33,-10.3,8.6,-27.51
Mg10Zn7Ca5,10,7,5,45.454545,31.818182,22.727273,893.5,40.96,3.41,25.28,153.27,162.07,5.18,-11.16,8.8,-28.77
Mg10Zn7Ca6,10,7,6,43.478261,30.434783,26.086957,903.1,40.92,3.33,25.3,155.3,163.61,5.04,-11.83,8.93,-29.69
Mg10Zn7Ca7,10,7,7,41.666667,29.166667,29.166667,911.9,40.89,3.25,25.33,157.17,165.03,4.92,-12.35,9,-30.36
Mg10Zn7Ca8,10,7,8,40,28,32,920,40.86,3.18,25.35,158.88,166.33,4.8,-12.75,9.04,-30.82
Mg10Zn7Ca9,10,7,9,38.461538,26.923077,34.615385,927.5,40.83,3.12,25.38,160.46,167.53,4.69,-13.05,9.04,-31.14
Mg10Zn7Ca10,10,7,10,37.037037,25.925926,37.037037,934.5,40.8,3.06,25.4,161.93,168.65,4.59,-13.28,9.02,-31.32
Mg10Zn8Ca1,10,8,1,52.631579,42.105263,5.263158,836.3,42.43,4,25.14,141.47,153.39,6.21,-6.16,7.12,-20.4
Mg10Zn8Ca2,10,8,2,50,40,10,850.2,42.31,3.88,25.18,144.4,155.6,6,-7.92,7.84,-23.6
Mg10Zn8Ca3,10,8,3,47.619048,38.095238,14.285714,862.8,42.21,3.77,25.22,147.05,157.6,5.81,-9.32,8.3,-25.93
Mg10Zn8Ca4,10,8,4,45.454545,36.363636,18.181818,874.3,42.11,3.67,25.25,149.45,159.42,5.64,-10.45,8.61,-27.67
Mg10Zn8Ca5,10,8,5,43.478261,34.782609,21.73913,884.7,42.02,3.57,25.28,151.65,161.08,5.48,-11.34,8.82,-28.98
Mg10Zn8Ca6,10,8,6,41.666667,33.333333,25,894.3,41.94,3.49,25.31,153.67,162.6,5.33,-12.06,8.95,-29.96
Mg10Zn8Ca7,10,8,7,40,32,28,903.2,41.87,3.41,25.33,155.52,164,5.2,-12.62,9.04,-30.7
Mg10Zn8Ca8,10,8,8,38.461538,30.769231,30.769231,911.3,41.8,3.34,25.36,157.23,165.3,5.08,-13.07,9.08,-31.23
Mg10Zn8Ca9,10,8,9,37.037037,29.62963,33.333333,918.9,41.74,3.27,25.38,158.81,166.49,4.96,-13.41,9.1,-31.6
Mg10Zn8Ca10,10,8,10,35.714286,28.571429,35.714286,925.9,41.68,3.21,25.4,160.29,167.6,4.86,-13.67,9.09,-31.85
Mg10Zn9Ca1,10,9,1,50,45,5,829.1,43.58,4.16,25.16,140.2,152.7,6.5,-6.18,7.11,-20.4
Mg10Zn9Ca2,10,9,2,47.619048,42.857143,9.52381,842.7,43.41,4.03,25.19,143.05,154.84,6.29,-7.95,7.81,-23.57
Mg10Zn9Ca3,10,9,3,45.454545,40.909091,13.636364,855.1,43.26,3.92,25.23,145.64,156.78,6.09,-9.37,8.27,-25.92
Mg10Zn9Ca4,10,9,4,43.478261,39.130435,17.391304,866.4,43.12,3.82,25.26,148,158.55,5.91,-10.53,8.59,-27.7
Mg10Zn9Ca5,10,9,5,41.666667,37.5,20.833333,876.8,43,3.72,25.29,150.17,160.18,5.75,-11.46,8.8,-29.07
Mg10Zn9Ca6,10,9,6,40,36,24,886.3,42.88,3.63,25.31,152.16,161.68,5.6,-12.21,8.95,-30.11
Mg10Zn9Ca7,10,9,7,38.461538,34.615385,26.923077,895.1,42.77,3.55,25.34,154,163.06,5.46,-12.82,9.04,-30.9
Mg10Zn9Ca8,10,9,8,37.037037,33.333333,29.62963,903.2,42.67,3.48,25.36,155.7,164.34,5.33,-13.3,9.1,-31.49
Mg10Zn9Ca9,10,9,9,35.714286,32.142857,32.142857,910.8,42.58,3.41,25.38,157.29,165.53,5.21,-13.68,9.12,-31.92
Mg10Zn9Ca10,10,9,10,34.482759,31.034483,34.482759,917.8,42.49,3.34,25.4,158.76,166.63,5.1,-13.98,9.12,-32.22
Mg10Zn10Ca1,10,10,1,47.619048,47.619048,4.761905,822.6,44.62,4.3,25.17,139.05,152.07,6.76,-6.17,7.08,-20.32
Mg10Zn10Ca2,10,10,2,45.454545,45.454545,9.090909,835.9,44.41,4.18,25.2,141.82,154.14,6.55,-7.93,7.77,-23.47
Mg10Zn10Ca3,10,10,3,43.478261,43.478261,13.043478,848,44.22,4.06,25.23,144.35,156.03,6.35,-9.38,8.23,-25.83
Mg10Zn10Ca4,10,10,4,41.666667,41.666667,16.666667,859.2,44.05,3.96,25.26,146.67,157.76,6.17,-10.56,8.54,-27.64
Mg10Zn10Ca5,10,10,5,40,40,20,869.4,43.89,3.86,25.29,148.8,159.35,6,-11.52,8.77,-29.05
Mg10Zn10Ca6,10,10,6,38.461538,38.461538,23.076923,878.8,43.75,3.77,25.31,150.77,160.82,5.85,-12.31,8.92,-30.15
Mg10Zn10Ca7,10,10,7,37.037037,37.037037,25.925926,887.6,43.61,3.69,25.34,152.59,162.19,5.7,-12.95,9.02,-30.99
Mg10Zn10Ca8,10,10,8,35.714286,35.714286,28.571429,895.7,43.48,3.61,25.36,154.29,163.45,5.57,-13.47,9.09,-31.64
Mg10Zn10Ca9,10,10,9,34.482759,34.482759,31.034483,903.3,43.37,3.54,25.38,155.86,164.63,5.45,-13.89,9.12,-32.13
Mg10Zn10Ca10,10,10,10,33.333333,33.333333,33.333333,910.3,43.26,3.47,25.4,157.33,165.73,5.33,-14.22,9.13,-32.48
